Lattice Timing Report -  Setup  and Hold, Version Radiant Software (64-bit) 2026.1.0.37.0

Sun Sep 20 17:55:59 2026

Copyright (c) 1991-1994 by NeoCAD Inc. All rights reserved.
Copyright (c) 1995 AT&T Corp.   All rights reserved.
Copyright (c) 1995-2001 Lucent Technologies Inc.  All rights reserved.
Copyright (c) 2001 Agere Systems   All rights reserved.
Copyright (c) 2002-2026 Lattice Semiconductor Corporation,  All rights reserved.

Command line:    timing -sethld -v 10 -u 10 -endpoints 10 -nperend 1 -sp High-Performance_1.2V -hsp m -pwrprd -html -rpt lab3_impl_1.twr lab3_impl_1.udb -gui -msgset C:/Users/skantimahanty/Documents/GitHub/engr155-lab3/project files/promote.xml

-----------------------------------------
Design:          lab3_skm
Family:          iCE40UP
Device:          iCE40UP5K
Package:         SG48
Performance:     High-Performance_1.2V
Package Status:                     Preliminary    Version 1.5
**Performance Hardware Data Status :   Advanced Version 1.0
-----------------------------------------


=====================================================================
                    Table of Contents
=====================================================================
    1  Timing Overview
        1.1  SDC Constraints
        1.2  Constraint Coverage
        1.3  Overall Summary
        1.4  Unconstrained Report
        1.5  Combinational Loop
    2  Setup at Speed Grade High-Performance_1.2V Corner at 100 Degrees
        2.1  Clock Summary
        2.2  Endpoint slacks
        2.3  Detailed Report
    3  Hold at Speed Grade m Corner at -40 Degrees
        3.1  Endpoint slacks
        3.2  Detailed Report

=====================================================================
                    End of Table of Contents
=====================================================================

==============================================
1  Timing Overview
==============================================

1.1  SDC Constraints
=====================
create_clock -name {int_osc} -period 41.6667 [get_pins {hf_osc.osc_inst/CLKHF }] 

1.2  Constraint Coverage
---------------------------
Constraint Coverage: 86.0748%


1.3  Overall Summary
---------------------------
 Setup at Speed Grade High-Performance_1.2V Corner at 100 Degrees     Timing Errors: 0 endpoints;  Total Negative Slack: 0.000 ns 
 Hold at Speed Grade m Corner at -40 Degrees                          Timing Errors: 0 endpoints;  Total Negative Slack: 0.000 ns 

1.4  Unconstrained Report
===========================

1.4.1  Unconstrained Start/End Points
--------------------------------------

Clocked but unconstrained timing start points
-------------------------------------------------------------------
         Listing 4 Start Points         |           Type           
-------------------------------------------------------------------
led/left_num_Z[0].ff_inst/Q             |          No required time
led/left_num_Z[1].ff_inst/Q             |          No required time
led/left_num_Z[2].ff_inst/Q             |          No required time
led/left_num_Z[3].ff_inst/Q             |          No required time
-------------------------------------------------------------------
                                        |                          
Number of unconstrained timing start po |                          
ints                                    |                         4
                                        |                          
-------------------------------------------------------------------

Clocked but unconstrained timing end points
-------------------------------------------------------------------
          Listing 4 End Points          |           Type           
-------------------------------------------------------------------
sync/cols_first_Z[2].ff_inst/D          |           No arrival time
sync/cols_first_Z[3].ff_inst/D          |           No arrival time
sync/cols_first_Z[0].ff_inst/D          |           No arrival time
sync/cols_first_Z[1].ff_inst/D          |           No arrival time
-------------------------------------------------------------------
                                        |                          
Number of unconstrained timing end poin |                          
ts                                      |                         4
                                        |                          
-------------------------------------------------------------------

1.4.2  Start/End Points Without Timing Constraints
---------------------------------------------------

I/O ports without constraint
----------------------------
Possible constraints to use on I/O ports are:
set_input_delay,
set_output_delay,
set_max_delay,
create_clock,
create_generated_clock,
...

-------------------------------------------------------------------
     Listing 10 Start or End Points     |           Type           
-------------------------------------------------------------------
cols[0]                                 |                     input
cols[1]                                 |                     input
cols[2]                                 |                     input
cols[3]                                 |                     input
seg[0]                                  |                    output
seg[1]                                  |                    output
seg[2]                                  |                    output
seg[3]                                  |                    output
seg[4]                                  |                    output
seg[5]                                  |                    output
-------------------------------------------------------------------
                                        |                          
Number of I/O ports without constraint  |                        17
                                        |                          
-------------------------------------------------------------------

Nets without clock definition
Define a clock on a top level port or a generated clock on a clock divider pin associated with this net(s).
--------------------------------------------------
There is no instance satisfying reporting criteria



1.5  Combinational Loop
========================
None

===============================================================
2  Setup at Speed Grade High-Performance_1.2V Corner at 100 Degrees
===============================================================

2.1  Clock Summary
=======================

2.1.1 Clock "int_osc"
=======================
create_clock -name {int_osc} -period 41.6667 [get_pins {hf_osc.osc_inst/CLKHF }] 

Single Clock Domain
-------------------------------------------------------------------------------------------------------
             Clock int_osc              |                    |       Period       |     Frequency      
-------------------------------------------------------------------------------------------------------
 From int_osc                           |             Target |          41.667 ns |         24.000 MHz 
                                        | Actual (all paths) |          25.251 ns |         39.602 MHz 
hf_osc.osc_inst/CLKHF (MPW)             |   (50% duty cycle) |          20.792 ns |         48.095 MHz 
-------------------------------------------------------------------------------------------------------

Clock Domain Crossing

2.2  Endpoint slacks
=======================
-------------------------------------------------------
          Listing 10 End Points          |    Slack    
-------------------------------------------------------
scan/count/count[14].ff_inst/D           |   16.416 ns 
scan/count/count[23].ff_inst/D           |   16.884 ns 
debouncer/debounce_counter/count[16].ff_inst/D              
                                         |   17.568 ns 
scan/count/count[22].ff_inst/D           |   17.716 ns 
scan/count/count[12].ff_inst/D           |   17.829 ns 
count/count[17].ff_inst/D                |   17.885 ns 
scan/count/count[21].ff_inst/D           |   17.993 ns 
debouncer/debounce_counter/count[23].ff_inst/D              
                                         |   18.074 ns 
scan/count/count[11].ff_inst/D           |   18.106 ns 
count/count[16].ff_inst/D                |   18.162 ns 
-------------------------------------------------------
                                         |             
Setup # of endpoints with negative slack:|           0 
                                         |             
-------------------------------------------------------

2.3  Detailed Report
=======================


XXXXXXXXXXXXXXXXXXXXXXXXXXXXXXXXXXXXXXXXXXXXXXXXXXXXXXXXXX

Detail report of critical paths

XXXXXXXXXXXXXXXXXXXXXXXXXXXXXXXXXXXXXXXXXXXXXXXXXXXXXXXXXX

+++++++++++++++++++++++++++++++++++++++++++++++++++++++++++++++++++++ 
                    Detailed Report for timing paths 
+++++++++++++++++++++++++++++++++++++++++++++++++++++++++++++++++++++ 

++++ Path 1 ++++++++++++++++++++++++++++++++++++++++++++++++++++++++++ 

Path Begin       : scan/count/count[16].ff_inst/Q  (SLICE_R14C19A)
Path End         : scan/count/count[14].ff_inst/D  (SLICE_R17C18A)
Source Clock     : int_osc (R)
Destination Clock: int_osc (R)
Logic Level      : 21
Delay Ratio      : 68.5% (route), 31.5% (logic)
Clock Skew       : 0.000 ns 
Setup Constraint : 41.666 ns 
Path Slack       : 16.415 ns  (Passed)


Source Clock Path
Name                                      Cell/Site Name     Delay Name           Incr      Arrival/Required Time  Fanout  
----------------------------------------  -----------------  -------------------  --------  ---------------------  ------  
hf_osc.osc_inst/CLKHF                     HFOSC_HFOSC_R1C32  CLOCK LATENCY           0.000                  0.000  77      
scan/count/int_osc                                           NET DELAY               5.499                  5.499  77      
{scan/count/count[15].ff_inst/CK   scan/count/count[16].ff_inst/CK}
                                                             CLOCK PIN               0.000                  5.499  1       


Data Path
Name                                      Cell/Site Name     Delay Name           Incr      Arrival/Required Time  Fanout  
----------------------------------------  -----------------  -------------------  --------  ---------------------  ------  
scan/count/count[16].ff_inst/CK->scan/count/count[16].ff_inst/Q
                                          SLICE_R14C19A      CLK_TO_Q1_DELAY         1.388                  6.887  7       
scan/count/count2[16]                                        NET DELAY               3.331                 10.218  7       
scan/count/count_RNIEO8J1[16]/A->scan/count/count_RNIEO8J1[16]/Z
                                          SLICE_R14C15A      A0_TO_F0_DELAY          0.449                 10.667  2       
scan/count/state6_8                                          NET DELAY               3.741                 14.408  2       
scan/count/count_RNIP1QS9[20]/B->scan/count/count_RNIP1QS9[20]/Z
                                          SLICE_R16C17A      A1_TO_F1_DELAY          0.449                 14.857  14      
scan/count/count14_10                                        NET DELAY               2.168                 17.025  14      
scan/count/count_RNIQKODF[10]/C->scan/count/count_RNIQKODF[10]/Z
                                          SLICE_R16C17B      D1_TO_F1_DELAY          0.449                 17.474  2       
scan/count/N_106                                             NET DELAY               3.080                 20.554  2       
scan/count/un1_count_1_cry_0_c_0.fa22_inst/B0->scan/count/un1_count_1_cry_0_c_0.fa22_inst/CO0
                                          SLICE_R14C17A      B0_TO_COUT0_DELAY       0.357                 20.911  2       
scan/count/un1_count_1_cry_0_c_0.CO0                         NET DELAY               0.000                 20.911  2       
scan/count/un1_count_1_cry_0_c_0.fa22_inst/CI1->scan/count/un1_count_1_cry_0_c_0.fa22_inst/CO1
                                          SLICE_R14C17A      CIN1_TO_COUT1_DELAY     0.277                 21.188  2       
scan/count/un1_count_1_cry_0                                 NET DELAY               0.000                 21.188  2       
scan/count/un1_count_1_cry_1_c_0.fa22_inst/CI0->scan/count/un1_count_1_cry_1_c_0.fa22_inst/CO0
                                          SLICE_R14C17B      CIN0_TO_COUT0_DELAY     0.277                 21.465  2       
scan/count/un1_count_1_cry_1_c_0.CO0                         NET DELAY               0.000                 21.465  2       
scan/count/un1_count_1_cry_1_c_0.fa22_inst/CI1->scan/count/un1_count_1_cry_1_c_0.fa22_inst/CO1
                                          SLICE_R14C17B      CIN1_TO_COUT1_DELAY     0.277                 21.742  2       
scan/count/un1_count_1_cry_2                                 NET DELAY               0.000                 21.742  2       
scan/count/un1_count_1_cry_3_c_0.fa22_inst/CI0->scan/count/un1_count_1_cry_3_c_0.fa22_inst/CO0
                                          SLICE_R14C17C      CIN0_TO_COUT0_DELAY     0.277                 22.019  2       
scan/count/un1_count_1_cry_3_c_0.CO0                         NET DELAY               0.000                 22.019  2       
scan/count/un1_count_1_cry_3_c_0.fa22_inst/CI1->scan/count/un1_count_1_cry_3_c_0.fa22_inst/CO1
                                          SLICE_R14C17C      CIN1_TO_COUT1_DELAY     0.277                 22.296  2       
scan/count/un1_count_1_cry_4                                 NET DELAY               0.000                 22.296  2       
scan/count/un1_count_1_cry_5_c_0.fa22_inst/CI0->scan/count/un1_count_1_cry_5_c_0.fa22_inst/CO0
                                          SLICE_R14C17D      CIN0_TO_COUT0_DELAY     0.277                 22.573  2       
scan/count/un1_count_1_cry_5_c_0.CO0                         NET DELAY               0.000                 22.573  2       
scan/count/un1_count_1_cry_5_c_0.fa22_inst/CI1->scan/count/un1_count_1_cry_5_c_0.fa22_inst/CO1
                                          SLICE_R14C17D      CIN1_TO_COUT1_DELAY     0.277                 22.850  2       
scan/count/un1_count_1_cry_6                                 NET DELAY               0.555                 23.405  2       
scan/count/un1_count_1_cry_7_c_0.fa22_inst/CI0->scan/count/un1_count_1_cry_7_c_0.fa22_inst/CO0
                                          SLICE_R14C18A      CIN0_TO_COUT0_DELAY     0.277                 23.682  2       
scan/count/un1_count_1_cry_7_c_0.CO0                         NET DELAY               0.000                 23.682  2       
scan/count/un1_count_1_cry_7_c_0.fa22_inst/CI1->scan/count/un1_count_1_cry_7_c_0.fa22_inst/CO1
                                          SLICE_R14C18A      CIN1_TO_COUT1_DELAY     0.277                 23.959  2       
scan/count/un1_count_1_cry_8                                 NET DELAY               0.000                 23.959  2       
scan/count/un1_count_1_cry_9_c_0.fa22_inst/CI0->scan/count/un1_count_1_cry_9_c_0.fa22_inst/CO0
                                          SLICE_R14C18B      CIN0_TO_COUT0_DELAY     0.277                 24.236  2       
scan/count/un1_count_1_cry_9_c_0.CO0                         NET DELAY               0.000                 24.236  2       
scan/count/un1_count_1_cry_9_c_0.fa22_inst/CI1->scan/count/un1_count_1_cry_9_c_0.fa22_inst/CO1
                                          SLICE_R14C18B      CIN1_TO_COUT1_DELAY     0.277                 24.513  2       
scan/count/un1_count_1_cry_10                                NET DELAY               0.000                 24.513  2       
scan/count/un1_count_1_cry_11_c_0.fa22_inst/CI0->scan/count/un1_count_1_cry_11_c_0.fa22_inst/CO0
                                          SLICE_R14C18C      CIN0_TO_COUT0_DELAY     0.277                 24.790  2       
scan/count/un1_count_1_cry_11_c_0.CO0                        NET DELAY               0.000                 24.790  2       
scan/count/un1_count_1_cry_11_c_0.fa22_inst/CI1->scan/count/un1_count_1_cry_11_c_0.fa22_inst/CO1
                                          SLICE_R14C18C      CIN1_TO_COUT1_DELAY     0.277                 25.067  2       
scan/count/un1_count_1_cry_12                                NET DELAY               0.000                 25.067  2       
scan/count/un1_count_1_cry_13_c_0.fa22_inst/CI0->scan/count/un1_count_1_cry_13_c_0.fa22_inst/CO0
                                          SLICE_R14C18D      CIN0_TO_COUT0_DELAY     0.277                 25.344  2       
scan/count/un1_count_1_cry_13_c_0.CO0                        NET DELAY               0.661                 26.005  2       
scan/count/un1_count_1_cry_13_c_0.fa22_inst/D1->scan/count/un1_count_1_cry_13_c_0.fa22_inst/S1
                                          SLICE_R14C18D      D1_TO_F1_DELAY          0.449                 26.454  1       
scan/count/N_96                                              NET DELAY               3.622                 30.076  1       
scan/count/count_RNO[14]/A->scan/count/count_RNO[14]/Z
                                          SLICE_R17C18A      A0_TO_F0_DELAY          0.476                 30.552  1       
scan/count/count_4[14]                                       NET DELAY               0.000                 30.552  1       
scan/count/count[14].ff_inst/D                               ENDPOINT                0.000                 30.552  1       


Destination Clock Path
Name                                      Cell/Site Name     Delay Name           Incr      Arrival/Required Time  Fanout  
----------------------------------------  -----------------  -------------------  --------  ---------------------  ------  
                                                             CONSTRAINT              0.000                 41.666  1       
hf_osc.osc_inst/CLKHF                     HFOSC_HFOSC_R1C32  CLOCK LATENCY           0.000                 41.666  77      
scan/count/int_osc                                           NET DELAY               5.499                 47.165  77      
{scan/count/count[14].ff_inst/CK   scan/count/count[12].ff_inst/CK}
                                                             CLOCK PIN               0.000                 47.165  1       
                                                             Uncertainty          -(0.000)                 47.165  
                                                             Setup time           -(0.198)                 46.967  
----------------------------------------  -----------------  -------------------  --------  ---------------------  ------  
Required Time                                                                                              46.967  
Arrival Time                                                                                            -(30.551)  
----------------------------------------  -----------------  -------------------  --------  ---------------------  ------  
Path Slack  (Passed)                                                                                       16.415  




++++ Path 2 ++++++++++++++++++++++++++++++++++++++++++++++++++++++++++ 

Path Begin       : scan/count/count[16].ff_inst/Q  (SLICE_R14C19A)
Path End         : scan/count/count[23].ff_inst/D  (SLICE_R14C20A)
Source Clock     : int_osc (R)
Destination Clock: int_osc (R)
Logic Level      : 29
Delay Ratio      : 59.6% (route), 40.4% (logic)
Clock Skew       : 0.000 ns 
Setup Constraint : 41.666 ns 
Path Slack       : 16.883 ns  (Passed)


Source Clock Path
Name                                      Cell/Site Name     Delay Name           Incr      Arrival/Required Time  Fanout  
----------------------------------------  -----------------  -------------------  --------  ---------------------  ------  
hf_osc.osc_inst/CLKHF                     HFOSC_HFOSC_R1C32  CLOCK LATENCY           0.000                  0.000  77      
scan/count/int_osc                                           NET DELAY               5.499                  5.499  77      
{scan/count/count[15].ff_inst/CK   scan/count/count[16].ff_inst/CK}
                                                             CLOCK PIN               0.000                  5.499  1       


Data Path
Name                                      Cell/Site Name     Delay Name           Incr      Arrival/Required Time  Fanout  
----------------------------------------  -----------------  -------------------  --------  ---------------------  ------  
scan/count/count[16].ff_inst/CK->scan/count/count[16].ff_inst/Q
                                          SLICE_R14C19A      CLK_TO_Q1_DELAY         1.388                  6.887  7       
scan/count/count2[16]                                        NET DELAY               3.331                 10.218  7       
scan/count/count_RNIEO8J1[16]/A->scan/count/count_RNIEO8J1[16]/Z
                                          SLICE_R14C15A      A0_TO_F0_DELAY          0.449                 10.667  2       
scan/count/state6_8                                          NET DELAY               3.741                 14.408  2       
scan/count/count_RNIP1QS9[20]/B->scan/count/count_RNIP1QS9[20]/Z
                                          SLICE_R16C17A      A1_TO_F1_DELAY          0.449                 14.857  14      
scan/count/count14_10                                        NET DELAY               2.168                 17.025  14      
scan/count/count_RNIQKODF[10]/C->scan/count/count_RNIQKODF[10]/Z
                                          SLICE_R16C17B      D1_TO_F1_DELAY          0.449                 17.474  2       
scan/count/N_106                                             NET DELAY               3.080                 20.554  2       
scan/count/un1_count_1_cry_0_c_0.fa22_inst/B0->scan/count/un1_count_1_cry_0_c_0.fa22_inst/CO0
                                          SLICE_R14C17A      B0_TO_COUT0_DELAY       0.357                 20.911  2       
scan/count/un1_count_1_cry_0_c_0.CO0                         NET DELAY               0.000                 20.911  2       
scan/count/un1_count_1_cry_0_c_0.fa22_inst/CI1->scan/count/un1_count_1_cry_0_c_0.fa22_inst/CO1
                                          SLICE_R14C17A      CIN1_TO_COUT1_DELAY     0.277                 21.188  2       
scan/count/un1_count_1_cry_0                                 NET DELAY               0.000                 21.188  2       
scan/count/un1_count_1_cry_1_c_0.fa22_inst/CI0->scan/count/un1_count_1_cry_1_c_0.fa22_inst/CO0
                                          SLICE_R14C17B      CIN0_TO_COUT0_DELAY     0.277                 21.465  2       
scan/count/un1_count_1_cry_1_c_0.CO0                         NET DELAY               0.000                 21.465  2       
scan/count/un1_count_1_cry_1_c_0.fa22_inst/CI1->scan/count/un1_count_1_cry_1_c_0.fa22_inst/CO1
                                          SLICE_R14C17B      CIN1_TO_COUT1_DELAY     0.277                 21.742  2       
scan/count/un1_count_1_cry_2                                 NET DELAY               0.000                 21.742  2       
scan/count/un1_count_1_cry_3_c_0.fa22_inst/CI0->scan/count/un1_count_1_cry_3_c_0.fa22_inst/CO0
                                          SLICE_R14C17C      CIN0_TO_COUT0_DELAY     0.277                 22.019  2       
scan/count/un1_count_1_cry_3_c_0.CO0                         NET DELAY               0.000                 22.019  2       
scan/count/un1_count_1_cry_3_c_0.fa22_inst/CI1->scan/count/un1_count_1_cry_3_c_0.fa22_inst/CO1
                                          SLICE_R14C17C      CIN1_TO_COUT1_DELAY     0.277                 22.296  2       
scan/count/un1_count_1_cry_4                                 NET DELAY               0.000                 22.296  2       
scan/count/un1_count_1_cry_5_c_0.fa22_inst/CI0->scan/count/un1_count_1_cry_5_c_0.fa22_inst/CO0
                                          SLICE_R14C17D      CIN0_TO_COUT0_DELAY     0.277                 22.573  2       
scan/count/un1_count_1_cry_5_c_0.CO0                         NET DELAY               0.000                 22.573  2       
scan/count/un1_count_1_cry_5_c_0.fa22_inst/CI1->scan/count/un1_count_1_cry_5_c_0.fa22_inst/CO1
                                          SLICE_R14C17D      CIN1_TO_COUT1_DELAY     0.277                 22.850  2       
scan/count/un1_count_1_cry_6                                 NET DELAY               0.555                 23.405  2       
scan/count/un1_count_1_cry_7_c_0.fa22_inst/CI0->scan/count/un1_count_1_cry_7_c_0.fa22_inst/CO0
                                          SLICE_R14C18A      CIN0_TO_COUT0_DELAY     0.277                 23.682  2       
scan/count/un1_count_1_cry_7_c_0.CO0                         NET DELAY               0.000                 23.682  2       
scan/count/un1_count_1_cry_7_c_0.fa22_inst/CI1->scan/count/un1_count_1_cry_7_c_0.fa22_inst/CO1
                                          SLICE_R14C18A      CIN1_TO_COUT1_DELAY     0.277                 23.959  2       
scan/count/un1_count_1_cry_8                                 NET DELAY               0.000                 23.959  2       
scan/count/un1_count_1_cry_9_c_0.fa22_inst/CI0->scan/count/un1_count_1_cry_9_c_0.fa22_inst/CO0
                                          SLICE_R14C18B      CIN0_TO_COUT0_DELAY     0.277                 24.236  2       
scan/count/un1_count_1_cry_9_c_0.CO0                         NET DELAY               0.000                 24.236  2       
scan/count/un1_count_1_cry_9_c_0.fa22_inst/CI1->scan/count/un1_count_1_cry_9_c_0.fa22_inst/CO1
                                          SLICE_R14C18B      CIN1_TO_COUT1_DELAY     0.277                 24.513  2       
scan/count/un1_count_1_cry_10                                NET DELAY               0.000                 24.513  2       
scan/count/un1_count_1_cry_11_c_0.fa22_inst/CI0->scan/count/un1_count_1_cry_11_c_0.fa22_inst/CO0
                                          SLICE_R14C18C      CIN0_TO_COUT0_DELAY     0.277                 24.790  2       
scan/count/un1_count_1_cry_11_c_0.CO0                        NET DELAY               0.000                 24.790  2       
scan/count/un1_count_1_cry_11_c_0.fa22_inst/CI1->scan/count/un1_count_1_cry_11_c_0.fa22_inst/CO1
                                          SLICE_R14C18C      CIN1_TO_COUT1_DELAY     0.277                 25.067  2       
scan/count/un1_count_1_cry_12                                NET DELAY               0.000                 25.067  2       
scan/count/un1_count_1_cry_13_c_0.fa22_inst/CI0->scan/count/un1_count_1_cry_13_c_0.fa22_inst/CO0
                                          SLICE_R14C18D      CIN0_TO_COUT0_DELAY     0.277                 25.344  2       
scan/count/un1_count_1_cry_13_c_0.CO0                        NET DELAY               0.000                 25.344  2       
scan/count/un1_count_1_cry_13_c_0.fa22_inst/CI1->scan/count/un1_count_1_cry_13_c_0.fa22_inst/CO1
                                          SLICE_R14C18D      CIN1_TO_COUT1_DELAY     0.277                 25.621  2       
scan/count/un1_count_1_cry_14                                NET DELAY               0.555                 26.176  2       
scan/count/un1_count_1_cry_15_c_0.fa22_inst/CI0->scan/count/un1_count_1_cry_15_c_0.fa22_inst/CO0
                                          SLICE_R14C19A      CIN0_TO_COUT0_DELAY     0.277                 26.453  2       
scan/count/un1_count_1_cry_15_c_0.CO0                        NET DELAY               0.000                 26.453  2       
scan/count/un1_count_1_cry_15_c_0.fa22_inst/CI1->scan/count/un1_count_1_cry_15_c_0.fa22_inst/CO1
                                          SLICE_R14C19A      CIN1_TO_COUT1_DELAY     0.277                 26.730  2       
scan/count/un1_count_1_cry_16                                NET DELAY               0.000                 26.730  2       
scan/count/un1_count_1_cry_17_c_0.fa22_inst/CI0->scan/count/un1_count_1_cry_17_c_0.fa22_inst/CO0
                                          SLICE_R14C19B      CIN0_TO_COUT0_DELAY     0.277                 27.007  2       
scan/count/un1_count_1_cry_17_c_0.CO0                        NET DELAY               0.000                 27.007  2       
scan/count/un1_count_1_cry_17_c_0.fa22_inst/CI1->scan/count/un1_count_1_cry_17_c_0.fa22_inst/CO1
                                          SLICE_R14C19B      CIN1_TO_COUT1_DELAY     0.277                 27.284  2       
scan/count/un1_count_1_cry_18                                NET DELAY               0.000                 27.284  2       
scan/count/un1_count_1_cry_19_c_0.fa22_inst/CI0->scan/count/un1_count_1_cry_19_c_0.fa22_inst/CO0
                                          SLICE_R14C19C      CIN0_TO_COUT0_DELAY     0.277                 27.561  2       
scan/count/un1_count_1_cry_19_c_0.CO0                        NET DELAY               0.000                 27.561  2       
scan/count/un1_count_1_cry_19_c_0.fa22_inst/CI1->scan/count/un1_count_1_cry_19_c_0.fa22_inst/CO1
                                          SLICE_R14C19C      CIN1_TO_COUT1_DELAY     0.277                 27.838  2       
scan/count/un1_count_1_cry_20                                NET DELAY               0.000                 27.838  2       
scan/count/un1_count_1_cry_21_c_0.fa22_inst/CI0->scan/count/un1_count_1_cry_21_c_0.fa22_inst/CO0
                                          SLICE_R14C19D      CIN0_TO_COUT0_DELAY     0.277                 28.115  2       
scan/count/un1_count_1_cry_21_c_0.CO0                        NET DELAY               0.000                 28.115  2       
scan/count/un1_count_1_cry_21_c_0.fa22_inst/CI1->scan/count/un1_count_1_cry_21_c_0.fa22_inst/CO1
                                          SLICE_R14C19D      CIN1_TO_COUT1_DELAY     0.277                 28.392  2       
scan/count/un1_count_1_cry_22                                NET DELAY               1.216                 29.608  2       
scan/count/count_RNO[23].fa22_inst/D0->scan/count/count_RNO[23].fa22_inst/S0
                                          SLICE_R14C20A      D0_TO_F0_DELAY          0.476                 30.084  1       
scan/count/count_RNO_S0[23]                                  NET DELAY               0.000                 30.084  1       
scan/count/count[23].ff_inst/D                               ENDPOINT                0.000                 30.084  1       


Destination Clock Path
Name                                      Cell/Site Name     Delay Name           Incr      Arrival/Required Time  Fanout  
----------------------------------------  -----------------  -------------------  --------  ---------------------  ------  
                                                             CONSTRAINT              0.000                 41.666  1       
hf_osc.osc_inst/CLKHF                     HFOSC_HFOSC_R1C32  CLOCK LATENCY           0.000                 41.666  77      
scan/count/int_osc                                           NET DELAY               5.499                 47.165  77      
scan/count/count[23].ff_inst/CK                              CLOCK PIN               0.000                 47.165  1       
                                                             Uncertainty          -(0.000)                 47.165  
                                                             Setup time           -(0.198)                 46.967  
----------------------------------------  -----------------  -------------------  --------  ---------------------  ------  
Required Time                                                                                              46.967  
Arrival Time                                                                                            -(30.083)  
----------------------------------------  -----------------  -------------------  --------  ---------------------  ------  
Path Slack  (Passed)                                                                                       16.883  




++++ Path 3 ++++++++++++++++++++++++++++++++++++++++++++++++++++++++++ 

Path Begin       : debouncer/debounce_counter/count[3].ff_inst/Q  (SLICE_R17C8D)
Path End         : debouncer/debounce_counter/count[16].ff_inst/D  (SLICE_R16C10A)
Source Clock     : int_osc (R)
Destination Clock: int_osc (R)
Logic Level      : 23
Delay Ratio      : 64.7% (route), 35.3% (logic)
Clock Skew       : 0.000 ns 
Setup Constraint : 41.666 ns 
Path Slack       : 17.567 ns  (Passed)


Source Clock Path
Name                                      Cell/Site Name     Delay Name           Incr      Arrival/Required Time  Fanout  
----------------------------------------  -----------------  -------------------  --------  ---------------------  ------  
hf_osc.osc_inst/CLKHF                     HFOSC_HFOSC_R1C32  CLOCK LATENCY           0.000                  0.000  77      
scan/count/int_osc                                           NET DELAY               5.499                  5.499  77      
{debouncer/debounce_counter/count[3].ff_inst/CK   debouncer/debounce_counter/count[2].ff_inst/CK}
                                                             CLOCK PIN               0.000                  5.499  1       


Data Path
Name                                      Cell/Site Name     Delay Name           Incr      Arrival/Required Time  Fanout  
----------------------------------------  -----------------  -------------------  --------  ---------------------  ------  
debouncer/debounce_counter/count[3].ff_inst/CK->debouncer/debounce_counter/count[3].ff_inst/Q
                                          SLICE_R17C8D       CLK_TO_Q0_DELAY         1.388                  6.887  2       
debouncer/debounce_counter/timer_count[3]
                                                             NET DELAY               2.141                  9.028  2       
debouncer/debounce_counter/count_RNI6FICD[0]/D->debouncer/debounce_counter/count_RNI6FICD[0]/Z
                                          SLICE_R17C8C       A0_TO_F0_DELAY          0.449                  9.477  1       
debouncer/debounce_counter/candidate6_22_9
                                                             NET DELAY               3.146                 12.623  1       
debouncer/debounce_counter/count_RNI3QMD82[0]/B->debouncer/debounce_counter/count_RNI3QMD82[0]/Z
                                          SLICE_R16C9B       A1_TO_F1_DELAY          0.449                 13.072  20      
debouncer/debounce_counter/candidate6_22                     NET DELAY               2.763                 15.835  20      
debouncer/debounce_counter/count_RNIICGBS3[22]/A->debouncer/debounce_counter/count_RNIICGBS3[22]/Z
                                          SLICE_R16C11B      D0_TO_F0_DELAY          0.449                 16.284  2       
debouncer/debounce_counter/N_81                              NET DELAY               3.080                 19.364  2       
debouncer/debounce_counter/un1_count_1_cry_0_c_0.fa22_inst/B0->debouncer/debounce_counter/un1_count_1_cry_0_c_0.fa22_inst/CO0
                                          SLICE_R17C9A       B0_TO_COUT0_DELAY       0.357                 19.721  2       
debouncer/debounce_counter/un1_count_1_cry_0_c_0.CO0
                                                             NET DELAY               0.000                 19.721  2       
debouncer/debounce_counter/un1_count_1_cry_0_c_0.fa22_inst/CI1->debouncer/debounce_counter/un1_count_1_cry_0_c_0.fa22_inst/CO1
                                          SLICE_R17C9A       CIN1_TO_COUT1_DELAY     0.277                 19.998  2       
debouncer/debounce_counter/un1_count_1_cry_0
                                                             NET DELAY               0.000                 19.998  2       
debouncer/debounce_counter/un1_count_1_cry_1_c_0.fa22_inst/CI0->debouncer/debounce_counter/un1_count_1_cry_1_c_0.fa22_inst/CO0
                                          SLICE_R17C9B       CIN0_TO_COUT0_DELAY     0.277                 20.275  2       
debouncer/debounce_counter/un1_count_1_cry_1_c_0.CO0
                                                             NET DELAY               0.000                 20.275  2       
debouncer/debounce_counter/un1_count_1_cry_1_c_0.fa22_inst/CI1->debouncer/debounce_counter/un1_count_1_cry_1_c_0.fa22_inst/CO1
                                          SLICE_R17C9B       CIN1_TO_COUT1_DELAY     0.277                 20.552  2       
debouncer/debounce_counter/un1_count_1_cry_2
                                                             NET DELAY               0.000                 20.552  2       
debouncer/debounce_counter/un1_count_1_cry_3_c_0.fa22_inst/CI0->debouncer/debounce_counter/un1_count_1_cry_3_c_0.fa22_inst/CO0
                                          SLICE_R17C9C       CIN0_TO_COUT0_DELAY     0.277                 20.829  2       
debouncer/debounce_counter/un1_count_1_cry_3_c_0.CO0
                                                             NET DELAY               0.000                 20.829  2       
debouncer/debounce_counter/un1_count_1_cry_3_c_0.fa22_inst/CI1->debouncer/debounce_counter/un1_count_1_cry_3_c_0.fa22_inst/CO1
                                          SLICE_R17C9C       CIN1_TO_COUT1_DELAY     0.277                 21.106  2       
debouncer/debounce_counter/un1_count_1_cry_4
                                                             NET DELAY               0.000                 21.106  2       
debouncer/debounce_counter/un1_count_1_cry_5_c_0.fa22_inst/CI0->debouncer/debounce_counter/un1_count_1_cry_5_c_0.fa22_inst/CO0
                                          SLICE_R17C9D       CIN0_TO_COUT0_DELAY     0.277                 21.383  2       
debouncer/debounce_counter/un1_count_1_cry_5_c_0.CO0
                                                             NET DELAY               0.000                 21.383  2       
debouncer/debounce_counter/un1_count_1_cry_5_c_0.fa22_inst/CI1->debouncer/debounce_counter/un1_count_1_cry_5_c_0.fa22_inst/CO1
                                          SLICE_R17C9D       CIN1_TO_COUT1_DELAY     0.277                 21.660  2       
debouncer/debounce_counter/un1_count_1_cry_6
                                                             NET DELAY               0.555                 22.215  2       
debouncer/debounce_counter/un1_count_1_cry_7_c_0.fa22_inst/CI0->debouncer/debounce_counter/un1_count_1_cry_7_c_0.fa22_inst/CO0
                                          SLICE_R17C10A      CIN0_TO_COUT0_DELAY     0.277                 22.492  2       
debouncer/debounce_counter/un1_count_1_cry_7_c_0.CO0
                                                             NET DELAY               0.000                 22.492  2       
debouncer/debounce_counter/un1_count_1_cry_7_c_0.fa22_inst/CI1->debouncer/debounce_counter/un1_count_1_cry_7_c_0.fa22_inst/CO1
                                          SLICE_R17C10A      CIN1_TO_COUT1_DELAY     0.277                 22.769  2       
debouncer/debounce_counter/un1_count_1_cry_8
                                                             NET DELAY               0.000                 22.769  2       
debouncer/debounce_counter/un1_count_1_cry_9_c_0.fa22_inst/CI0->debouncer/debounce_counter/un1_count_1_cry_9_c_0.fa22_inst/CO0
                                          SLICE_R17C10B      CIN0_TO_COUT0_DELAY     0.277                 23.046  2       
debouncer/debounce_counter/un1_count_1_cry_9_c_0.CO0
                                                             NET DELAY               0.000                 23.046  2       
debouncer/debounce_counter/un1_count_1_cry_9_c_0.fa22_inst/CI1->debouncer/debounce_counter/un1_count_1_cry_9_c_0.fa22_inst/CO1
                                          SLICE_R17C10B      CIN1_TO_COUT1_DELAY     0.277                 23.323  2       
debouncer/debounce_counter/un1_count_1_cry_10
                                                             NET DELAY               0.000                 23.323  2       
debouncer/debounce_counter/un1_count_1_cry_11_c_0.fa22_inst/CI0->debouncer/debounce_counter/un1_count_1_cry_11_c_0.fa22_inst/CO0
                                          SLICE_R17C10C      CIN0_TO_COUT0_DELAY     0.277                 23.600  2       
debouncer/debounce_counter/un1_count_1_cry_11_c_0.CO0
                                                             NET DELAY               0.000                 23.600  2       
debouncer/debounce_counter/un1_count_1_cry_11_c_0.fa22_inst/CI1->debouncer/debounce_counter/un1_count_1_cry_11_c_0.fa22_inst/CO1
                                          SLICE_R17C10C      CIN1_TO_COUT1_DELAY     0.277                 23.877  2       
debouncer/debounce_counter/un1_count_1_cry_12
                                                             NET DELAY               0.000                 23.877  2       
debouncer/debounce_counter/un1_count_1_cry_13_c_0.fa22_inst/CI0->debouncer/debounce_counter/un1_count_1_cry_13_c_0.fa22_inst/CO0
                                          SLICE_R17C10D      CIN0_TO_COUT0_DELAY     0.277                 24.154  2       
debouncer/debounce_counter/un1_count_1_cry_13_c_0.CO0
                                                             NET DELAY               0.000                 24.154  2       
debouncer/debounce_counter/un1_count_1_cry_13_c_0.fa22_inst/CI1->debouncer/debounce_counter/un1_count_1_cry_13_c_0.fa22_inst/CO1
                                          SLICE_R17C10D      CIN1_TO_COUT1_DELAY     0.277                 24.431  2       
debouncer/debounce_counter/un1_count_1_cry_14
                                                             NET DELAY               0.555                 24.986  2       
debouncer/debounce_counter/un1_count_1_cry_15_c_0.fa22_inst/CI0->debouncer/debounce_counter/un1_count_1_cry_15_c_0.fa22_inst/CO0
                                          SLICE_R17C11A      CIN0_TO_COUT0_DELAY     0.277                 25.263  2       
debouncer/debounce_counter/un1_count_1_cry_15_c_0.CO0
                                                             NET DELAY               0.661                 25.924  2       
debouncer/debounce_counter/un1_count_1_cry_15_c_0.fa22_inst/D1->debouncer/debounce_counter/un1_count_1_cry_15_c_0.fa22_inst/S1
                                          SLICE_R17C11A      D1_TO_F1_DELAY          0.449                 26.373  1       
debouncer/debounce_counter/N_73                              NET DELAY               2.551                 28.924  1       
debouncer/debounce_counter/count_RNO_cZ[16]/A->debouncer/debounce_counter/count_RNO_cZ[16]/Z
                                          SLICE_R16C10A      A0_TO_F0_DELAY          0.476                 29.400  1       
debouncer/debounce_counter/count_RNO[16]                     NET DELAY               0.000                 29.400  1       
debouncer/debounce_counter/count[16].ff_inst/D
                                                             ENDPOINT                0.000                 29.400  1       


Destination Clock Path
Name                                      Cell/Site Name     Delay Name           Incr      Arrival/Required Time  Fanout  
----------------------------------------  -----------------  -------------------  --------  ---------------------  ------  
                                                             CONSTRAINT              0.000                 41.666  1       
hf_osc.osc_inst/CLKHF                     HFOSC_HFOSC_R1C32  CLOCK LATENCY           0.000                 41.666  77      
scan/count/int_osc                                           NET DELAY               5.499                 47.165  77      
{debouncer/debounce_counter/count[16].ff_inst/CK   debouncer/debounce_counter/count[14].ff_inst/CK}
                                                             CLOCK PIN               0.000                 47.165  1       
                                                             Uncertainty          -(0.000)                 47.165  
                                                             Setup time           -(0.198)                 46.967  
----------------------------------------  -----------------  -------------------  --------  ---------------------  ------  
Required Time                                                                                              46.967  
Arrival Time                                                                                            -(29.399)  
----------------------------------------  -----------------  -------------------  --------  ---------------------  ------  
Path Slack  (Passed)                                                                                       17.567  




++++ Path 4 ++++++++++++++++++++++++++++++++++++++++++++++++++++++++++ 

Path Begin       : scan/count/count[16].ff_inst/Q  (SLICE_R14C19A)
Path End         : scan/count/count[22].ff_inst/D  (SLICE_R14C19D)
Source Clock     : int_osc (R)
Destination Clock: int_osc (R)
Logic Level      : 28
Delay Ratio      : 59.3% (route), 40.7% (logic)
Clock Skew       : 0.000 ns 
Setup Constraint : 41.666 ns 
Path Slack       : 17.715 ns  (Passed)


Source Clock Path
Name                                      Cell/Site Name     Delay Name           Incr      Arrival/Required Time  Fanout  
----------------------------------------  -----------------  -------------------  --------  ---------------------  ------  
hf_osc.osc_inst/CLKHF                     HFOSC_HFOSC_R1C32  CLOCK LATENCY           0.000                  0.000  77      
scan/count/int_osc                                           NET DELAY               5.499                  5.499  77      
{scan/count/count[15].ff_inst/CK   scan/count/count[16].ff_inst/CK}
                                                             CLOCK PIN               0.000                  5.499  1       


Data Path
Name                                      Cell/Site Name     Delay Name           Incr      Arrival/Required Time  Fanout  
----------------------------------------  -----------------  -------------------  --------  ---------------------  ------  
scan/count/count[16].ff_inst/CK->scan/count/count[16].ff_inst/Q
                                          SLICE_R14C19A      CLK_TO_Q1_DELAY         1.388                  6.887  7       
scan/count/count2[16]                                        NET DELAY               3.331                 10.218  7       
scan/count/count_RNIEO8J1[16]/A->scan/count/count_RNIEO8J1[16]/Z
                                          SLICE_R14C15A      A0_TO_F0_DELAY          0.449                 10.667  2       
scan/count/state6_8                                          NET DELAY               3.741                 14.408  2       
scan/count/count_RNIP1QS9[20]/B->scan/count/count_RNIP1QS9[20]/Z
                                          SLICE_R16C17A      A1_TO_F1_DELAY          0.449                 14.857  14      
scan/count/count14_10                                        NET DELAY               2.168                 17.025  14      
scan/count/count_RNIQKODF[10]/C->scan/count/count_RNIQKODF[10]/Z
                                          SLICE_R16C17B      D1_TO_F1_DELAY          0.449                 17.474  2       
scan/count/N_106                                             NET DELAY               3.080                 20.554  2       
scan/count/un1_count_1_cry_0_c_0.fa22_inst/B0->scan/count/un1_count_1_cry_0_c_0.fa22_inst/CO0
                                          SLICE_R14C17A      B0_TO_COUT0_DELAY       0.357                 20.911  2       
scan/count/un1_count_1_cry_0_c_0.CO0                         NET DELAY               0.000                 20.911  2       
scan/count/un1_count_1_cry_0_c_0.fa22_inst/CI1->scan/count/un1_count_1_cry_0_c_0.fa22_inst/CO1
                                          SLICE_R14C17A      CIN1_TO_COUT1_DELAY     0.277                 21.188  2       
scan/count/un1_count_1_cry_0                                 NET DELAY               0.000                 21.188  2       
scan/count/un1_count_1_cry_1_c_0.fa22_inst/CI0->scan/count/un1_count_1_cry_1_c_0.fa22_inst/CO0
                                          SLICE_R14C17B      CIN0_TO_COUT0_DELAY     0.277                 21.465  2       
scan/count/un1_count_1_cry_1_c_0.CO0                         NET DELAY               0.000                 21.465  2       
scan/count/un1_count_1_cry_1_c_0.fa22_inst/CI1->scan/count/un1_count_1_cry_1_c_0.fa22_inst/CO1
                                          SLICE_R14C17B      CIN1_TO_COUT1_DELAY     0.277                 21.742  2       
scan/count/un1_count_1_cry_2                                 NET DELAY               0.000                 21.742  2       
scan/count/un1_count_1_cry_3_c_0.fa22_inst/CI0->scan/count/un1_count_1_cry_3_c_0.fa22_inst/CO0
                                          SLICE_R14C17C      CIN0_TO_COUT0_DELAY     0.277                 22.019  2       
scan/count/un1_count_1_cry_3_c_0.CO0                         NET DELAY               0.000                 22.019  2       
scan/count/un1_count_1_cry_3_c_0.fa22_inst/CI1->scan/count/un1_count_1_cry_3_c_0.fa22_inst/CO1
                                          SLICE_R14C17C      CIN1_TO_COUT1_DELAY     0.277                 22.296  2       
scan/count/un1_count_1_cry_4                                 NET DELAY               0.000                 22.296  2       
scan/count/un1_count_1_cry_5_c_0.fa22_inst/CI0->scan/count/un1_count_1_cry_5_c_0.fa22_inst/CO0
                                          SLICE_R14C17D      CIN0_TO_COUT0_DELAY     0.277                 22.573  2       
scan/count/un1_count_1_cry_5_c_0.CO0                         NET DELAY               0.000                 22.573  2       
scan/count/un1_count_1_cry_5_c_0.fa22_inst/CI1->scan/count/un1_count_1_cry_5_c_0.fa22_inst/CO1
                                          SLICE_R14C17D      CIN1_TO_COUT1_DELAY     0.277                 22.850  2       
scan/count/un1_count_1_cry_6                                 NET DELAY               0.555                 23.405  2       
scan/count/un1_count_1_cry_7_c_0.fa22_inst/CI0->scan/count/un1_count_1_cry_7_c_0.fa22_inst/CO0
                                          SLICE_R14C18A      CIN0_TO_COUT0_DELAY     0.277                 23.682  2       
scan/count/un1_count_1_cry_7_c_0.CO0                         NET DELAY               0.000                 23.682  2       
scan/count/un1_count_1_cry_7_c_0.fa22_inst/CI1->scan/count/un1_count_1_cry_7_c_0.fa22_inst/CO1
                                          SLICE_R14C18A      CIN1_TO_COUT1_DELAY     0.277                 23.959  2       
scan/count/un1_count_1_cry_8                                 NET DELAY               0.000                 23.959  2       
scan/count/un1_count_1_cry_9_c_0.fa22_inst/CI0->scan/count/un1_count_1_cry_9_c_0.fa22_inst/CO0
                                          SLICE_R14C18B      CIN0_TO_COUT0_DELAY     0.277                 24.236  2       
scan/count/un1_count_1_cry_9_c_0.CO0                         NET DELAY               0.000                 24.236  2       
scan/count/un1_count_1_cry_9_c_0.fa22_inst/CI1->scan/count/un1_count_1_cry_9_c_0.fa22_inst/CO1
                                          SLICE_R14C18B      CIN1_TO_COUT1_DELAY     0.277                 24.513  2       
scan/count/un1_count_1_cry_10                                NET DELAY               0.000                 24.513  2       
scan/count/un1_count_1_cry_11_c_0.fa22_inst/CI0->scan/count/un1_count_1_cry_11_c_0.fa22_inst/CO0
                                          SLICE_R14C18C      CIN0_TO_COUT0_DELAY     0.277                 24.790  2       
scan/count/un1_count_1_cry_11_c_0.CO0                        NET DELAY               0.000                 24.790  2       
scan/count/un1_count_1_cry_11_c_0.fa22_inst/CI1->scan/count/un1_count_1_cry_11_c_0.fa22_inst/CO1
                                          SLICE_R14C18C      CIN1_TO_COUT1_DELAY     0.277                 25.067  2       
scan/count/un1_count_1_cry_12                                NET DELAY               0.000                 25.067  2       
scan/count/un1_count_1_cry_13_c_0.fa22_inst/CI0->scan/count/un1_count_1_cry_13_c_0.fa22_inst/CO0
                                          SLICE_R14C18D      CIN0_TO_COUT0_DELAY     0.277                 25.344  2       
scan/count/un1_count_1_cry_13_c_0.CO0                        NET DELAY               0.000                 25.344  2       
scan/count/un1_count_1_cry_13_c_0.fa22_inst/CI1->scan/count/un1_count_1_cry_13_c_0.fa22_inst/CO1
                                          SLICE_R14C18D      CIN1_TO_COUT1_DELAY     0.277                 25.621  2       
scan/count/un1_count_1_cry_14                                NET DELAY               0.555                 26.176  2       
scan/count/un1_count_1_cry_15_c_0.fa22_inst/CI0->scan/count/un1_count_1_cry_15_c_0.fa22_inst/CO0
                                          SLICE_R14C19A      CIN0_TO_COUT0_DELAY     0.277                 26.453  2       
scan/count/un1_count_1_cry_15_c_0.CO0                        NET DELAY               0.000                 26.453  2       
scan/count/un1_count_1_cry_15_c_0.fa22_inst/CI1->scan/count/un1_count_1_cry_15_c_0.fa22_inst/CO1
                                          SLICE_R14C19A      CIN1_TO_COUT1_DELAY     0.277                 26.730  2       
scan/count/un1_count_1_cry_16                                NET DELAY               0.000                 26.730  2       
scan/count/un1_count_1_cry_17_c_0.fa22_inst/CI0->scan/count/un1_count_1_cry_17_c_0.fa22_inst/CO0
                                          SLICE_R14C19B      CIN0_TO_COUT0_DELAY     0.277                 27.007  2       
scan/count/un1_count_1_cry_17_c_0.CO0                        NET DELAY               0.000                 27.007  2       
scan/count/un1_count_1_cry_17_c_0.fa22_inst/CI1->scan/count/un1_count_1_cry_17_c_0.fa22_inst/CO1
                                          SLICE_R14C19B      CIN1_TO_COUT1_DELAY     0.277                 27.284  2       
scan/count/un1_count_1_cry_18                                NET DELAY               0.000                 27.284  2       
scan/count/un1_count_1_cry_19_c_0.fa22_inst/CI0->scan/count/un1_count_1_cry_19_c_0.fa22_inst/CO0
                                          SLICE_R14C19C      CIN0_TO_COUT0_DELAY     0.277                 27.561  2       
scan/count/un1_count_1_cry_19_c_0.CO0                        NET DELAY               0.000                 27.561  2       
scan/count/un1_count_1_cry_19_c_0.fa22_inst/CI1->scan/count/un1_count_1_cry_19_c_0.fa22_inst/CO1
                                          SLICE_R14C19C      CIN1_TO_COUT1_DELAY     0.277                 27.838  2       
scan/count/un1_count_1_cry_20                                NET DELAY               0.000                 27.838  2       
scan/count/un1_count_1_cry_21_c_0.fa22_inst/CI0->scan/count/un1_count_1_cry_21_c_0.fa22_inst/CO0
                                          SLICE_R14C19D      CIN0_TO_COUT0_DELAY     0.277                 28.115  2       
scan/count/un1_count_1_cry_21_c_0.CO0                        NET DELAY               0.661                 28.776  2       
scan/count/un1_count_1_cry_21_c_0.fa22_inst/D1->scan/count/un1_count_1_cry_21_c_0.fa22_inst/S1
                                          SLICE_R14C19D      D1_TO_F1_DELAY          0.476                 29.252  1       
scan/count/un1_count_1_cry_21_c_0_S1                         NET DELAY               0.000                 29.252  1       
scan/count/count[22].ff_inst/D                               ENDPOINT                0.000                 29.252  1       


Destination Clock Path
Name                                      Cell/Site Name     Delay Name           Incr      Arrival/Required Time  Fanout  
----------------------------------------  -----------------  -------------------  --------  ---------------------  ------  
                                                             CONSTRAINT              0.000                 41.666  1       
hf_osc.osc_inst/CLKHF                     HFOSC_HFOSC_R1C32  CLOCK LATENCY           0.000                 41.666  77      
scan/count/int_osc                                           NET DELAY               5.499                 47.165  77      
{scan/count/count[21].ff_inst/CK   scan/count/count[22].ff_inst/CK}
                                                             CLOCK PIN               0.000                 47.165  1       
                                                             Uncertainty          -(0.000)                 47.165  
                                                             Setup time           -(0.198)                 46.967  
----------------------------------------  -----------------  -------------------  --------  ---------------------  ------  
Required Time                                                                                              46.967  
Arrival Time                                                                                            -(29.251)  
----------------------------------------  -----------------  -------------------  --------  ---------------------  ------  
Path Slack  (Passed)                                                                                       17.715  




++++ Path 5 ++++++++++++++++++++++++++++++++++++++++++++++++++++++++++ 

Path Begin       : scan/count/count[16].ff_inst/Q  (SLICE_R14C19A)
Path End         : scan/count/count[12].ff_inst/D  (SLICE_R17C18A)
Source Clock     : int_osc (R)
Destination Clock: int_osc (R)
Logic Level      : 19
Delay Ratio      : 68.9% (route), 31.1% (logic)
Clock Skew       : 0.000 ns 
Setup Constraint : 41.666 ns 
Path Slack       : 17.828 ns  (Passed)


Source Clock Path
Name                                      Cell/Site Name     Delay Name           Incr      Arrival/Required Time  Fanout  
----------------------------------------  -----------------  -------------------  --------  ---------------------  ------  
hf_osc.osc_inst/CLKHF                     HFOSC_HFOSC_R1C32  CLOCK LATENCY           0.000                  0.000  77      
scan/count/int_osc                                           NET DELAY               5.499                  5.499  77      
{scan/count/count[15].ff_inst/CK   scan/count/count[16].ff_inst/CK}
                                                             CLOCK PIN               0.000                  5.499  1       


Data Path
Name                                      Cell/Site Name     Delay Name           Incr      Arrival/Required Time  Fanout  
----------------------------------------  -----------------  -------------------  --------  ---------------------  ------  
scan/count/count[16].ff_inst/CK->scan/count/count[16].ff_inst/Q
                                          SLICE_R14C19A      CLK_TO_Q1_DELAY         1.388                  6.887  7       
scan/count/count2[16]                                        NET DELAY               3.331                 10.218  7       
scan/count/count_RNIEO8J1[16]/A->scan/count/count_RNIEO8J1[16]/Z
                                          SLICE_R14C15A      A0_TO_F0_DELAY          0.449                 10.667  2       
scan/count/state6_8                                          NET DELAY               3.741                 14.408  2       
scan/count/count_RNIP1QS9[20]/B->scan/count/count_RNIP1QS9[20]/Z
                                          SLICE_R16C17A      A1_TO_F1_DELAY          0.449                 14.857  14      
scan/count/count14_10                                        NET DELAY               2.168                 17.025  14      
scan/count/count_RNIQKODF[10]/C->scan/count/count_RNIQKODF[10]/Z
                                          SLICE_R16C17B      D1_TO_F1_DELAY          0.449                 17.474  2       
scan/count/N_106                                             NET DELAY               3.080                 20.554  2       
scan/count/un1_count_1_cry_0_c_0.fa22_inst/B0->scan/count/un1_count_1_cry_0_c_0.fa22_inst/CO0
                                          SLICE_R14C17A      B0_TO_COUT0_DELAY       0.357                 20.911  2       
scan/count/un1_count_1_cry_0_c_0.CO0                         NET DELAY               0.000                 20.911  2       
scan/count/un1_count_1_cry_0_c_0.fa22_inst/CI1->scan/count/un1_count_1_cry_0_c_0.fa22_inst/CO1
                                          SLICE_R14C17A      CIN1_TO_COUT1_DELAY     0.277                 21.188  2       
scan/count/un1_count_1_cry_0                                 NET DELAY               0.000                 21.188  2       
scan/count/un1_count_1_cry_1_c_0.fa22_inst/CI0->scan/count/un1_count_1_cry_1_c_0.fa22_inst/CO0
                                          SLICE_R14C17B      CIN0_TO_COUT0_DELAY     0.277                 21.465  2       
scan/count/un1_count_1_cry_1_c_0.CO0                         NET DELAY               0.000                 21.465  2       
scan/count/un1_count_1_cry_1_c_0.fa22_inst/CI1->scan/count/un1_count_1_cry_1_c_0.fa22_inst/CO1
                                          SLICE_R14C17B      CIN1_TO_COUT1_DELAY     0.277                 21.742  2       
scan/count/un1_count_1_cry_2                                 NET DELAY               0.000                 21.742  2       
scan/count/un1_count_1_cry_3_c_0.fa22_inst/CI0->scan/count/un1_count_1_cry_3_c_0.fa22_inst/CO0
                                          SLICE_R14C17C      CIN0_TO_COUT0_DELAY     0.277                 22.019  2       
scan/count/un1_count_1_cry_3_c_0.CO0                         NET DELAY               0.000                 22.019  2       
scan/count/un1_count_1_cry_3_c_0.fa22_inst/CI1->scan/count/un1_count_1_cry_3_c_0.fa22_inst/CO1
                                          SLICE_R14C17C      CIN1_TO_COUT1_DELAY     0.277                 22.296  2       
scan/count/un1_count_1_cry_4                                 NET DELAY               0.000                 22.296  2       
scan/count/un1_count_1_cry_5_c_0.fa22_inst/CI0->scan/count/un1_count_1_cry_5_c_0.fa22_inst/CO0
                                          SLICE_R14C17D      CIN0_TO_COUT0_DELAY     0.277                 22.573  2       
scan/count/un1_count_1_cry_5_c_0.CO0                         NET DELAY               0.000                 22.573  2       
scan/count/un1_count_1_cry_5_c_0.fa22_inst/CI1->scan/count/un1_count_1_cry_5_c_0.fa22_inst/CO1
                                          SLICE_R14C17D      CIN1_TO_COUT1_DELAY     0.277                 22.850  2       
scan/count/un1_count_1_cry_6                                 NET DELAY               0.555                 23.405  2       
scan/count/un1_count_1_cry_7_c_0.fa22_inst/CI0->scan/count/un1_count_1_cry_7_c_0.fa22_inst/CO0
                                          SLICE_R14C18A      CIN0_TO_COUT0_DELAY     0.277                 23.682  2       
scan/count/un1_count_1_cry_7_c_0.CO0                         NET DELAY               0.000                 23.682  2       
scan/count/un1_count_1_cry_7_c_0.fa22_inst/CI1->scan/count/un1_count_1_cry_7_c_0.fa22_inst/CO1
                                          SLICE_R14C18A      CIN1_TO_COUT1_DELAY     0.277                 23.959  2       
scan/count/un1_count_1_cry_8                                 NET DELAY               0.000                 23.959  2       
scan/count/un1_count_1_cry_9_c_0.fa22_inst/CI0->scan/count/un1_count_1_cry_9_c_0.fa22_inst/CO0
                                          SLICE_R14C18B      CIN0_TO_COUT0_DELAY     0.277                 24.236  2       
scan/count/un1_count_1_cry_9_c_0.CO0                         NET DELAY               0.000                 24.236  2       
scan/count/un1_count_1_cry_9_c_0.fa22_inst/CI1->scan/count/un1_count_1_cry_9_c_0.fa22_inst/CO1
                                          SLICE_R14C18B      CIN1_TO_COUT1_DELAY     0.277                 24.513  2       
scan/count/un1_count_1_cry_10                                NET DELAY               0.000                 24.513  2       
scan/count/un1_count_1_cry_11_c_0.fa22_inst/CI0->scan/count/un1_count_1_cry_11_c_0.fa22_inst/CO0
                                          SLICE_R14C18C      CIN0_TO_COUT0_DELAY     0.277                 24.790  2       
scan/count/un1_count_1_cry_11_c_0.CO0                        NET DELAY               0.661                 25.451  2       
scan/count/un1_count_1_cry_11_c_0.fa22_inst/D1->scan/count/un1_count_1_cry_11_c_0.fa22_inst/S1
                                          SLICE_R14C18C      D1_TO_F1_DELAY          0.449                 25.900  1       
scan/count/N_94                                              NET DELAY               2.763                 28.663  1       
scan/count/count_RNO[12]/A->scan/count/count_RNO[12]/Z
                                          SLICE_R17C18A      D1_TO_F1_DELAY          0.476                 29.139  1       
scan/count/count_4[12]                                       NET DELAY               0.000                 29.139  1       
scan/count/count[12].ff_inst/D                               ENDPOINT                0.000                 29.139  1       


Destination Clock Path
Name                                      Cell/Site Name     Delay Name           Incr      Arrival/Required Time  Fanout  
----------------------------------------  -----------------  -------------------  --------  ---------------------  ------  
                                                             CONSTRAINT              0.000                 41.666  1       
hf_osc.osc_inst/CLKHF                     HFOSC_HFOSC_R1C32  CLOCK LATENCY           0.000                 41.666  77      
scan/count/int_osc                                           NET DELAY               5.499                 47.165  77      
{scan/count/count[14].ff_inst/CK   scan/count/count[12].ff_inst/CK}
                                                             CLOCK PIN               0.000                 47.165  1       
                                                             Uncertainty          -(0.000)                 47.165  
                                                             Setup time           -(0.198)                 46.967  
----------------------------------------  -----------------  -------------------  --------  ---------------------  ------  
Required Time                                                                                              46.967  
Arrival Time                                                                                            -(29.138)  
----------------------------------------  -----------------  -------------------  --------  ---------------------  ------  
Path Slack  (Passed)                                                                                       17.828  




++++ Path 6 ++++++++++++++++++++++++++++++++++++++++++++++++++++++++++ 

Path Begin       : count/count[9].ff_inst/Q  (SLICE_R11C4B)
Path End         : count/count[17].ff_inst/D  (SLICE_R12C5C)
Source Clock     : int_osc (R)
Destination Clock: int_osc (R)
Logic Level      : 24
Delay Ratio      : 63.0% (route), 37.0% (logic)
Clock Skew       : 0.000 ns 
Setup Constraint : 41.666 ns 
Path Slack       : 17.884 ns  (Passed)


Source Clock Path
Name                                      Cell/Site Name     Delay Name           Incr      Arrival/Required Time  Fanout  
----------------------------------------  -----------------  -------------------  --------  ---------------------  ------  
hf_osc.osc_inst/CLKHF                     HFOSC_HFOSC_R1C32  CLOCK LATENCY           0.000                  0.000  77      
scan/count/int_osc                                           NET DELAY               5.499                  5.499  77      
count/count[9].ff_inst/CK                                    CLOCK PIN               0.000                  5.499  1       


Data Path
Name                                      Cell/Site Name     Delay Name           Incr      Arrival/Required Time  Fanout  
----------------------------------------  -----------------  -------------------  --------  ---------------------  ------  
count/count[9].ff_inst/CK->count/count[9].ff_inst/Q
                                          SLICE_R11C4B       CLK_TO_Q0_DELAY         1.388                  6.887  3       
led/right/counter[9]                                         NET DELAY               3.186                 10.073  3       
count/count_RNIMJIFA[0]/C->count/count_RNIMJIFA[0]/Z
                                          SLICE_R13C3B       B0_TO_F0_DELAY          0.449                 10.522  1       
count/count56_9                                              NET DELAY               2.485                 13.007  1       
count/count_RNIAH3912[0]/B->count/count_RNIAH3912[0]/Z
                                          SLICE_R12C4A       B1_TO_F1_DELAY          0.449                 13.456  12      
count/count56_16                                             NET DELAY               2.168                 15.624  12      
count/count_RNII44CL3[12]/C->count/count_RNII44CL3[12]/Z
                                          SLICE_R12C4B       D1_TO_F1_DELAY          0.449                 16.073  2       
count/N_56                                                   NET DELAY               3.080                 19.153  2       
count/un1_count_1_cry_0_c_0.fa22_inst/B0->count/un1_count_1_cry_0_c_0.fa22_inst/CO0
                                          SLICE_R11C3A       B0_TO_COUT0_DELAY       0.357                 19.510  2       
count/un1_count_1_cry_0_c_0.CO0                              NET DELAY               0.000                 19.510  2       
count/un1_count_1_cry_0_c_0.fa22_inst/CI1->count/un1_count_1_cry_0_c_0.fa22_inst/CO1
                                          SLICE_R11C3A       CIN1_TO_COUT1_DELAY     0.277                 19.787  2       
count/un1_count_1_cry_0                                      NET DELAY               0.000                 19.787  2       
count/un1_count_1_cry_1_c_0.fa22_inst/CI0->count/un1_count_1_cry_1_c_0.fa22_inst/CO0
                                          SLICE_R11C3B       CIN0_TO_COUT0_DELAY     0.277                 20.064  2       
count/un1_count_1_cry_1_c_0.CO0                              NET DELAY               0.000                 20.064  2       
count/un1_count_1_cry_1_c_0.fa22_inst/CI1->count/un1_count_1_cry_1_c_0.fa22_inst/CO1
                                          SLICE_R11C3B       CIN1_TO_COUT1_DELAY     0.277                 20.341  2       
count/un1_count_1_cry_2                                      NET DELAY               0.000                 20.341  2       
count/un1_count_1_cry_3_c_0.fa22_inst/CI0->count/un1_count_1_cry_3_c_0.fa22_inst/CO0
                                          SLICE_R11C3C       CIN0_TO_COUT0_DELAY     0.277                 20.618  2       
count/un1_count_1_cry_3_c_0.CO0                              NET DELAY               0.000                 20.618  2       
count/un1_count_1_cry_3_c_0.fa22_inst/CI1->count/un1_count_1_cry_3_c_0.fa22_inst/CO1
                                          SLICE_R11C3C       CIN1_TO_COUT1_DELAY     0.277                 20.895  2       
count/un1_count_1_cry_4                                      NET DELAY               0.000                 20.895  2       
count/un1_count_1_cry_5_c_0.fa22_inst/CI0->count/un1_count_1_cry_5_c_0.fa22_inst/CO0
                                          SLICE_R11C3D       CIN0_TO_COUT0_DELAY     0.277                 21.172  2       
count/un1_count_1_cry_5_c_0.CO0                              NET DELAY               0.000                 21.172  2       
count/un1_count_1_cry_5_c_0.fa22_inst/CI1->count/un1_count_1_cry_5_c_0.fa22_inst/CO1
                                          SLICE_R11C3D       CIN1_TO_COUT1_DELAY     0.277                 21.449  2       
count/un1_count_1_cry_6                                      NET DELAY               0.555                 22.004  2       
count/un1_count_1_cry_7_c_0.fa22_inst/CI0->count/un1_count_1_cry_7_c_0.fa22_inst/CO0
                                          SLICE_R11C4A       CIN0_TO_COUT0_DELAY     0.277                 22.281  2       
count/un1_count_1_cry_7_c_0.CO0                              NET DELAY               0.000                 22.281  2       
count/un1_count_1_cry_7_c_0.fa22_inst/CI1->count/un1_count_1_cry_7_c_0.fa22_inst/CO1
                                          SLICE_R11C4A       CIN1_TO_COUT1_DELAY     0.277                 22.558  2       
count/un1_count_1_cry_8                                      NET DELAY               0.000                 22.558  2       
count/un1_count_1_cry_9_c_0.fa22_inst/CI0->count/un1_count_1_cry_9_c_0.fa22_inst/CO0
                                          SLICE_R11C4B       CIN0_TO_COUT0_DELAY     0.277                 22.835  2       
count/un1_count_1_cry_9_c_0.CO0                              NET DELAY               0.000                 22.835  2       
count/un1_count_1_cry_9_c_0.fa22_inst/CI1->count/un1_count_1_cry_9_c_0.fa22_inst/CO1
                                          SLICE_R11C4B       CIN1_TO_COUT1_DELAY     0.277                 23.112  2       
count/un1_count_1_cry_10                                     NET DELAY               0.000                 23.112  2       
count/un1_count_1_cry_11_c_0.fa22_inst/CI0->count/un1_count_1_cry_11_c_0.fa22_inst/CO0
                                          SLICE_R11C4C       CIN0_TO_COUT0_DELAY     0.277                 23.389  2       
count/un1_count_1_cry_11_c_0.CO0                             NET DELAY               0.000                 23.389  2       
count/un1_count_1_cry_11_c_0.fa22_inst/CI1->count/un1_count_1_cry_11_c_0.fa22_inst/CO1
                                          SLICE_R11C4C       CIN1_TO_COUT1_DELAY     0.277                 23.666  2       
count/un1_count_1_cry_12                                     NET DELAY               0.000                 23.666  2       
count/un1_count_1_cry_13_c_0.fa22_inst/CI0->count/un1_count_1_cry_13_c_0.fa22_inst/CO0
                                          SLICE_R11C4D       CIN0_TO_COUT0_DELAY     0.277                 23.943  2       
count/un1_count_1_cry_13_c_0.CO0                             NET DELAY               0.000                 23.943  2       
count/un1_count_1_cry_13_c_0.fa22_inst/CI1->count/un1_count_1_cry_13_c_0.fa22_inst/CO1
                                          SLICE_R11C4D       CIN1_TO_COUT1_DELAY     0.277                 24.220  2       
count/un1_count_1_cry_14                                     NET DELAY               0.555                 24.775  2       
count/un1_count_1_cry_15_c_0.fa22_inst/CI0->count/un1_count_1_cry_15_c_0.fa22_inst/CO0
                                          SLICE_R11C5A       CIN0_TO_COUT0_DELAY     0.277                 25.052  2       
count/un1_count_1_cry_15_c_0.CO0                             NET DELAY               0.000                 25.052  2       
count/un1_count_1_cry_15_c_0.fa22_inst/CI1->count/un1_count_1_cry_15_c_0.fa22_inst/CO1
                                          SLICE_R11C5A       CIN1_TO_COUT1_DELAY     0.277                 25.329  2       
count/un1_count_1_cry_16                                     NET DELAY               0.661                 25.990  2       
count/un1_count_1_cry_17_c_0.fa22_inst/D0->count/un1_count_1_cry_17_c_0.fa22_inst/S0
                                          SLICE_R11C5B       D0_TO_F0_DELAY          0.449                 26.439  1       
count/N_49                                                   NET DELAY               2.168                 28.607  1       
count/count_RNO[17]/A->count/count_RNO[17]/Z
                                          SLICE_R12C5C       D1_TO_F1_DELAY          0.476                 29.083  1       
count/count_12[17]                                           NET DELAY               0.000                 29.083  1       
count/count[17].ff_inst/D                                    ENDPOINT                0.000                 29.083  1       


Destination Clock Path
Name                                      Cell/Site Name     Delay Name           Incr      Arrival/Required Time  Fanout  
----------------------------------------  -----------------  -------------------  --------  ---------------------  ------  
                                                             CONSTRAINT              0.000                 41.666  1       
hf_osc.osc_inst/CLKHF                     HFOSC_HFOSC_R1C32  CLOCK LATENCY           0.000                 41.666  77      
scan/count/int_osc                                           NET DELAY               5.499                 47.165  77      
count/count[17].ff_inst/CK                                   CLOCK PIN               0.000                 47.165  1       
                                                             Uncertainty          -(0.000)                 47.165  
                                                             Setup time           -(0.198)                 46.967  
----------------------------------------  -----------------  -------------------  --------  ---------------------  ------  
Required Time                                                                                              46.967  
Arrival Time                                                                                            -(29.082)  
----------------------------------------  -----------------  -------------------  --------  ---------------------  ------  
Path Slack  (Passed)                                                                                       17.884  




++++ Path 7 ++++++++++++++++++++++++++++++++++++++++++++++++++++++++++ 

Path Begin       : scan/count/count[16].ff_inst/Q  (SLICE_R14C19A)
Path End         : scan/count/count[21].ff_inst/D  (SLICE_R14C19D)
Source Clock     : int_osc (R)
Destination Clock: int_osc (R)
Logic Level      : 27
Delay Ratio      : 60.0% (route), 40.0% (logic)
Clock Skew       : 0.000 ns 
Setup Constraint : 41.666 ns 
Path Slack       : 17.992 ns  (Passed)


Source Clock Path
Name                                      Cell/Site Name     Delay Name           Incr      Arrival/Required Time  Fanout  
----------------------------------------  -----------------  -------------------  --------  ---------------------  ------  
hf_osc.osc_inst/CLKHF                     HFOSC_HFOSC_R1C32  CLOCK LATENCY           0.000                  0.000  77      
scan/count/int_osc                                           NET DELAY               5.499                  5.499  77      
{scan/count/count[15].ff_inst/CK   scan/count/count[16].ff_inst/CK}
                                                             CLOCK PIN               0.000                  5.499  1       


Data Path
Name                                      Cell/Site Name     Delay Name           Incr      Arrival/Required Time  Fanout  
----------------------------------------  -----------------  -------------------  --------  ---------------------  ------  
scan/count/count[16].ff_inst/CK->scan/count/count[16].ff_inst/Q
                                          SLICE_R14C19A      CLK_TO_Q1_DELAY         1.388                  6.887  7       
scan/count/count2[16]                                        NET DELAY               3.331                 10.218  7       
scan/count/count_RNIEO8J1[16]/A->scan/count/count_RNIEO8J1[16]/Z
                                          SLICE_R14C15A      A0_TO_F0_DELAY          0.449                 10.667  2       
scan/count/state6_8                                          NET DELAY               3.741                 14.408  2       
scan/count/count_RNIP1QS9[20]/B->scan/count/count_RNIP1QS9[20]/Z
                                          SLICE_R16C17A      A1_TO_F1_DELAY          0.449                 14.857  14      
scan/count/count14_10                                        NET DELAY               2.168                 17.025  14      
scan/count/count_RNIQKODF[10]/C->scan/count/count_RNIQKODF[10]/Z
                                          SLICE_R16C17B      D1_TO_F1_DELAY          0.449                 17.474  2       
scan/count/N_106                                             NET DELAY               3.080                 20.554  2       
scan/count/un1_count_1_cry_0_c_0.fa22_inst/B0->scan/count/un1_count_1_cry_0_c_0.fa22_inst/CO0
                                          SLICE_R14C17A      B0_TO_COUT0_DELAY       0.357                 20.911  2       
scan/count/un1_count_1_cry_0_c_0.CO0                         NET DELAY               0.000                 20.911  2       
scan/count/un1_count_1_cry_0_c_0.fa22_inst/CI1->scan/count/un1_count_1_cry_0_c_0.fa22_inst/CO1
                                          SLICE_R14C17A      CIN1_TO_COUT1_DELAY     0.277                 21.188  2       
scan/count/un1_count_1_cry_0                                 NET DELAY               0.000                 21.188  2       
scan/count/un1_count_1_cry_1_c_0.fa22_inst/CI0->scan/count/un1_count_1_cry_1_c_0.fa22_inst/CO0
                                          SLICE_R14C17B      CIN0_TO_COUT0_DELAY     0.277                 21.465  2       
scan/count/un1_count_1_cry_1_c_0.CO0                         NET DELAY               0.000                 21.465  2       
scan/count/un1_count_1_cry_1_c_0.fa22_inst/CI1->scan/count/un1_count_1_cry_1_c_0.fa22_inst/CO1
                                          SLICE_R14C17B      CIN1_TO_COUT1_DELAY     0.277                 21.742  2       
scan/count/un1_count_1_cry_2                                 NET DELAY               0.000                 21.742  2       
scan/count/un1_count_1_cry_3_c_0.fa22_inst/CI0->scan/count/un1_count_1_cry_3_c_0.fa22_inst/CO0
                                          SLICE_R14C17C      CIN0_TO_COUT0_DELAY     0.277                 22.019  2       
scan/count/un1_count_1_cry_3_c_0.CO0                         NET DELAY               0.000                 22.019  2       
scan/count/un1_count_1_cry_3_c_0.fa22_inst/CI1->scan/count/un1_count_1_cry_3_c_0.fa22_inst/CO1
                                          SLICE_R14C17C      CIN1_TO_COUT1_DELAY     0.277                 22.296  2       
scan/count/un1_count_1_cry_4                                 NET DELAY               0.000                 22.296  2       
scan/count/un1_count_1_cry_5_c_0.fa22_inst/CI0->scan/count/un1_count_1_cry_5_c_0.fa22_inst/CO0
                                          SLICE_R14C17D      CIN0_TO_COUT0_DELAY     0.277                 22.573  2       
scan/count/un1_count_1_cry_5_c_0.CO0                         NET DELAY               0.000                 22.573  2       
scan/count/un1_count_1_cry_5_c_0.fa22_inst/CI1->scan/count/un1_count_1_cry_5_c_0.fa22_inst/CO1
                                          SLICE_R14C17D      CIN1_TO_COUT1_DELAY     0.277                 22.850  2       
scan/count/un1_count_1_cry_6                                 NET DELAY               0.555                 23.405  2       
scan/count/un1_count_1_cry_7_c_0.fa22_inst/CI0->scan/count/un1_count_1_cry_7_c_0.fa22_inst/CO0
                                          SLICE_R14C18A      CIN0_TO_COUT0_DELAY     0.277                 23.682  2       
scan/count/un1_count_1_cry_7_c_0.CO0                         NET DELAY               0.000                 23.682  2       
scan/count/un1_count_1_cry_7_c_0.fa22_inst/CI1->scan/count/un1_count_1_cry_7_c_0.fa22_inst/CO1
                                          SLICE_R14C18A      CIN1_TO_COUT1_DELAY     0.277                 23.959  2       
scan/count/un1_count_1_cry_8                                 NET DELAY               0.000                 23.959  2       
scan/count/un1_count_1_cry_9_c_0.fa22_inst/CI0->scan/count/un1_count_1_cry_9_c_0.fa22_inst/CO0
                                          SLICE_R14C18B      CIN0_TO_COUT0_DELAY     0.277                 24.236  2       
scan/count/un1_count_1_cry_9_c_0.CO0                         NET DELAY               0.000                 24.236  2       
scan/count/un1_count_1_cry_9_c_0.fa22_inst/CI1->scan/count/un1_count_1_cry_9_c_0.fa22_inst/CO1
                                          SLICE_R14C18B      CIN1_TO_COUT1_DELAY     0.277                 24.513  2       
scan/count/un1_count_1_cry_10                                NET DELAY               0.000                 24.513  2       
scan/count/un1_count_1_cry_11_c_0.fa22_inst/CI0->scan/count/un1_count_1_cry_11_c_0.fa22_inst/CO0
                                          SLICE_R14C18C      CIN0_TO_COUT0_DELAY     0.277                 24.790  2       
scan/count/un1_count_1_cry_11_c_0.CO0                        NET DELAY               0.000                 24.790  2       
scan/count/un1_count_1_cry_11_c_0.fa22_inst/CI1->scan/count/un1_count_1_cry_11_c_0.fa22_inst/CO1
                                          SLICE_R14C18C      CIN1_TO_COUT1_DELAY     0.277                 25.067  2       
scan/count/un1_count_1_cry_12                                NET DELAY               0.000                 25.067  2       
scan/count/un1_count_1_cry_13_c_0.fa22_inst/CI0->scan/count/un1_count_1_cry_13_c_0.fa22_inst/CO0
                                          SLICE_R14C18D      CIN0_TO_COUT0_DELAY     0.277                 25.344  2       
scan/count/un1_count_1_cry_13_c_0.CO0                        NET DELAY               0.000                 25.344  2       
scan/count/un1_count_1_cry_13_c_0.fa22_inst/CI1->scan/count/un1_count_1_cry_13_c_0.fa22_inst/CO1
                                          SLICE_R14C18D      CIN1_TO_COUT1_DELAY     0.277                 25.621  2       
scan/count/un1_count_1_cry_14                                NET DELAY               0.555                 26.176  2       
scan/count/un1_count_1_cry_15_c_0.fa22_inst/CI0->scan/count/un1_count_1_cry_15_c_0.fa22_inst/CO0
                                          SLICE_R14C19A      CIN0_TO_COUT0_DELAY     0.277                 26.453  2       
scan/count/un1_count_1_cry_15_c_0.CO0                        NET DELAY               0.000                 26.453  2       
scan/count/un1_count_1_cry_15_c_0.fa22_inst/CI1->scan/count/un1_count_1_cry_15_c_0.fa22_inst/CO1
                                          SLICE_R14C19A      CIN1_TO_COUT1_DELAY     0.277                 26.730  2       
scan/count/un1_count_1_cry_16                                NET DELAY               0.000                 26.730  2       
scan/count/un1_count_1_cry_17_c_0.fa22_inst/CI0->scan/count/un1_count_1_cry_17_c_0.fa22_inst/CO0
                                          SLICE_R14C19B      CIN0_TO_COUT0_DELAY     0.277                 27.007  2       
scan/count/un1_count_1_cry_17_c_0.CO0                        NET DELAY               0.000                 27.007  2       
scan/count/un1_count_1_cry_17_c_0.fa22_inst/CI1->scan/count/un1_count_1_cry_17_c_0.fa22_inst/CO1
                                          SLICE_R14C19B      CIN1_TO_COUT1_DELAY     0.277                 27.284  2       
scan/count/un1_count_1_cry_18                                NET DELAY               0.000                 27.284  2       
scan/count/un1_count_1_cry_19_c_0.fa22_inst/CI0->scan/count/un1_count_1_cry_19_c_0.fa22_inst/CO0
                                          SLICE_R14C19C      CIN0_TO_COUT0_DELAY     0.277                 27.561  2       
scan/count/un1_count_1_cry_19_c_0.CO0                        NET DELAY               0.000                 27.561  2       
scan/count/un1_count_1_cry_19_c_0.fa22_inst/CI1->scan/count/un1_count_1_cry_19_c_0.fa22_inst/CO1
                                          SLICE_R14C19C      CIN1_TO_COUT1_DELAY     0.277                 27.838  2       
scan/count/un1_count_1_cry_20                                NET DELAY               0.661                 28.499  2       
scan/count/un1_count_1_cry_21_c_0.fa22_inst/D0->scan/count/un1_count_1_cry_21_c_0.fa22_inst/S0
                                          SLICE_R14C19D      D0_TO_F0_DELAY          0.476                 28.975  1       
scan/count/un1_count_1_cry_21_c_0_S0                         NET DELAY               0.000                 28.975  1       
scan/count/count[21].ff_inst/D                               ENDPOINT                0.000                 28.975  1       


Destination Clock Path
Name                                      Cell/Site Name     Delay Name           Incr      Arrival/Required Time  Fanout  
----------------------------------------  -----------------  -------------------  --------  ---------------------  ------  
                                                             CONSTRAINT              0.000                 41.666  1       
hf_osc.osc_inst/CLKHF                     HFOSC_HFOSC_R1C32  CLOCK LATENCY           0.000                 41.666  77      
scan/count/int_osc                                           NET DELAY               5.499                 47.165  77      
{scan/count/count[21].ff_inst/CK   scan/count/count[22].ff_inst/CK}
                                                             CLOCK PIN               0.000                 47.165  1       
                                                             Uncertainty          -(0.000)                 47.165  
                                                             Setup time           -(0.198)                 46.967  
----------------------------------------  -----------------  -------------------  --------  ---------------------  ------  
Required Time                                                                                              46.967  
Arrival Time                                                                                            -(28.974)  
----------------------------------------  -----------------  -------------------  --------  ---------------------  ------  
Path Slack  (Passed)                                                                                       17.992  




++++ Path 8 ++++++++++++++++++++++++++++++++++++++++++++++++++++++++++ 

Path Begin       : debouncer/debounce_counter/count[3].ff_inst/Q  (SLICE_R17C8D)
Path End         : debouncer/debounce_counter/count[23].ff_inst/D  (SLICE_R17C12A)
Source Clock     : int_osc (R)
Destination Clock: int_osc (R)
Logic Level      : 29
Delay Ratio      : 57.5% (route), 42.5% (logic)
Clock Skew       : 0.000 ns 
Setup Constraint : 41.666 ns 
Path Slack       : 18.073 ns  (Passed)


Source Clock Path
Name                                      Cell/Site Name     Delay Name           Incr      Arrival/Required Time  Fanout  
----------------------------------------  -----------------  -------------------  --------  ---------------------  ------  
hf_osc.osc_inst/CLKHF                     HFOSC_HFOSC_R1C32  CLOCK LATENCY           0.000                  0.000  77      
scan/count/int_osc                                           NET DELAY               5.499                  5.499  77      
{debouncer/debounce_counter/count[3].ff_inst/CK   debouncer/debounce_counter/count[2].ff_inst/CK}
                                                             CLOCK PIN               0.000                  5.499  1       


Data Path
Name                                      Cell/Site Name     Delay Name           Incr      Arrival/Required Time  Fanout  
----------------------------------------  -----------------  -------------------  --------  ---------------------  ------  
debouncer/debounce_counter/count[3].ff_inst/CK->debouncer/debounce_counter/count[3].ff_inst/Q
                                          SLICE_R17C8D       CLK_TO_Q0_DELAY         1.388                  6.887  2       
debouncer/debounce_counter/timer_count[3]
                                                             NET DELAY               2.141                  9.028  2       
debouncer/debounce_counter/count_RNI6FICD[0]/D->debouncer/debounce_counter/count_RNI6FICD[0]/Z
                                          SLICE_R17C8C       A0_TO_F0_DELAY          0.449                  9.477  1       
debouncer/debounce_counter/candidate6_22_9
                                                             NET DELAY               3.146                 12.623  1       
debouncer/debounce_counter/count_RNI3QMD82[0]/B->debouncer/debounce_counter/count_RNI3QMD82[0]/Z
                                          SLICE_R16C9B       A1_TO_F1_DELAY          0.449                 13.072  20      
debouncer/debounce_counter/candidate6_22                     NET DELAY               2.763                 15.835  20      
debouncer/debounce_counter/count_RNIICGBS3[22]/A->debouncer/debounce_counter/count_RNIICGBS3[22]/Z
                                          SLICE_R16C11B      D0_TO_F0_DELAY          0.449                 16.284  2       
debouncer/debounce_counter/N_81                              NET DELAY               3.080                 19.364  2       
debouncer/debounce_counter/un1_count_1_cry_0_c_0.fa22_inst/B0->debouncer/debounce_counter/un1_count_1_cry_0_c_0.fa22_inst/CO0
                                          SLICE_R17C9A       B0_TO_COUT0_DELAY       0.357                 19.721  2       
debouncer/debounce_counter/un1_count_1_cry_0_c_0.CO0
                                                             NET DELAY               0.000                 19.721  2       
debouncer/debounce_counter/un1_count_1_cry_0_c_0.fa22_inst/CI1->debouncer/debounce_counter/un1_count_1_cry_0_c_0.fa22_inst/CO1
                                          SLICE_R17C9A       CIN1_TO_COUT1_DELAY     0.277                 19.998  2       
debouncer/debounce_counter/un1_count_1_cry_0
                                                             NET DELAY               0.000                 19.998  2       
debouncer/debounce_counter/un1_count_1_cry_1_c_0.fa22_inst/CI0->debouncer/debounce_counter/un1_count_1_cry_1_c_0.fa22_inst/CO0
                                          SLICE_R17C9B       CIN0_TO_COUT0_DELAY     0.277                 20.275  2       
debouncer/debounce_counter/un1_count_1_cry_1_c_0.CO0
                                                             NET DELAY               0.000                 20.275  2       
debouncer/debounce_counter/un1_count_1_cry_1_c_0.fa22_inst/CI1->debouncer/debounce_counter/un1_count_1_cry_1_c_0.fa22_inst/CO1
                                          SLICE_R17C9B       CIN1_TO_COUT1_DELAY     0.277                 20.552  2       
debouncer/debounce_counter/un1_count_1_cry_2
                                                             NET DELAY               0.000                 20.552  2       
debouncer/debounce_counter/un1_count_1_cry_3_c_0.fa22_inst/CI0->debouncer/debounce_counter/un1_count_1_cry_3_c_0.fa22_inst/CO0
                                          SLICE_R17C9C       CIN0_TO_COUT0_DELAY     0.277                 20.829  2       
debouncer/debounce_counter/un1_count_1_cry_3_c_0.CO0
                                                             NET DELAY               0.000                 20.829  2       
debouncer/debounce_counter/un1_count_1_cry_3_c_0.fa22_inst/CI1->debouncer/debounce_counter/un1_count_1_cry_3_c_0.fa22_inst/CO1
                                          SLICE_R17C9C       CIN1_TO_COUT1_DELAY     0.277                 21.106  2       
debouncer/debounce_counter/un1_count_1_cry_4
                                                             NET DELAY               0.000                 21.106  2       
debouncer/debounce_counter/un1_count_1_cry_5_c_0.fa22_inst/CI0->debouncer/debounce_counter/un1_count_1_cry_5_c_0.fa22_inst/CO0
                                          SLICE_R17C9D       CIN0_TO_COUT0_DELAY     0.277                 21.383  2       
debouncer/debounce_counter/un1_count_1_cry_5_c_0.CO0
                                                             NET DELAY               0.000                 21.383  2       
debouncer/debounce_counter/un1_count_1_cry_5_c_0.fa22_inst/CI1->debouncer/debounce_counter/un1_count_1_cry_5_c_0.fa22_inst/CO1
                                          SLICE_R17C9D       CIN1_TO_COUT1_DELAY     0.277                 21.660  2       
debouncer/debounce_counter/un1_count_1_cry_6
                                                             NET DELAY               0.555                 22.215  2       
debouncer/debounce_counter/un1_count_1_cry_7_c_0.fa22_inst/CI0->debouncer/debounce_counter/un1_count_1_cry_7_c_0.fa22_inst/CO0
                                          SLICE_R17C10A      CIN0_TO_COUT0_DELAY     0.277                 22.492  2       
debouncer/debounce_counter/un1_count_1_cry_7_c_0.CO0
                                                             NET DELAY               0.000                 22.492  2       
debouncer/debounce_counter/un1_count_1_cry_7_c_0.fa22_inst/CI1->debouncer/debounce_counter/un1_count_1_cry_7_c_0.fa22_inst/CO1
                                          SLICE_R17C10A      CIN1_TO_COUT1_DELAY     0.277                 22.769  2       
debouncer/debounce_counter/un1_count_1_cry_8
                                                             NET DELAY               0.000                 22.769  2       
debouncer/debounce_counter/un1_count_1_cry_9_c_0.fa22_inst/CI0->debouncer/debounce_counter/un1_count_1_cry_9_c_0.fa22_inst/CO0
                                          SLICE_R17C10B      CIN0_TO_COUT0_DELAY     0.277                 23.046  2       
debouncer/debounce_counter/un1_count_1_cry_9_c_0.CO0
                                                             NET DELAY               0.000                 23.046  2       
debouncer/debounce_counter/un1_count_1_cry_9_c_0.fa22_inst/CI1->debouncer/debounce_counter/un1_count_1_cry_9_c_0.fa22_inst/CO1
                                          SLICE_R17C10B      CIN1_TO_COUT1_DELAY     0.277                 23.323  2       
debouncer/debounce_counter/un1_count_1_cry_10
                                                             NET DELAY               0.000                 23.323  2       
debouncer/debounce_counter/un1_count_1_cry_11_c_0.fa22_inst/CI0->debouncer/debounce_counter/un1_count_1_cry_11_c_0.fa22_inst/CO0
                                          SLICE_R17C10C      CIN0_TO_COUT0_DELAY     0.277                 23.600  2       
debouncer/debounce_counter/un1_count_1_cry_11_c_0.CO0
                                                             NET DELAY               0.000                 23.600  2       
debouncer/debounce_counter/un1_count_1_cry_11_c_0.fa22_inst/CI1->debouncer/debounce_counter/un1_count_1_cry_11_c_0.fa22_inst/CO1
                                          SLICE_R17C10C      CIN1_TO_COUT1_DELAY     0.277                 23.877  2       
debouncer/debounce_counter/un1_count_1_cry_12
                                                             NET DELAY               0.000                 23.877  2       
debouncer/debounce_counter/un1_count_1_cry_13_c_0.fa22_inst/CI0->debouncer/debounce_counter/un1_count_1_cry_13_c_0.fa22_inst/CO0
                                          SLICE_R17C10D      CIN0_TO_COUT0_DELAY     0.277                 24.154  2       
debouncer/debounce_counter/un1_count_1_cry_13_c_0.CO0
                                                             NET DELAY               0.000                 24.154  2       
debouncer/debounce_counter/un1_count_1_cry_13_c_0.fa22_inst/CI1->debouncer/debounce_counter/un1_count_1_cry_13_c_0.fa22_inst/CO1
                                          SLICE_R17C10D      CIN1_TO_COUT1_DELAY     0.277                 24.431  2       
debouncer/debounce_counter/un1_count_1_cry_14
                                                             NET DELAY               0.555                 24.986  2       
debouncer/debounce_counter/un1_count_1_cry_15_c_0.fa22_inst/CI0->debouncer/debounce_counter/un1_count_1_cry_15_c_0.fa22_inst/CO0
                                          SLICE_R17C11A      CIN0_TO_COUT0_DELAY     0.277                 25.263  2       
debouncer/debounce_counter/un1_count_1_cry_15_c_0.CO0
                                                             NET DELAY               0.000                 25.263  2       
debouncer/debounce_counter/un1_count_1_cry_15_c_0.fa22_inst/CI1->debouncer/debounce_counter/un1_count_1_cry_15_c_0.fa22_inst/CO1
                                          SLICE_R17C11A      CIN1_TO_COUT1_DELAY     0.277                 25.540  2       
debouncer/debounce_counter/un1_count_1_cry_16
                                                             NET DELAY               0.000                 25.540  2       
debouncer/debounce_counter/un1_count_1_cry_17_c_0.fa22_inst/CI0->debouncer/debounce_counter/un1_count_1_cry_17_c_0.fa22_inst/CO0
                                          SLICE_R17C11B      CIN0_TO_COUT0_DELAY     0.277                 25.817  2       
debouncer/debounce_counter/un1_count_1_cry_17_c_0.CO0
                                                             NET DELAY               0.000                 25.817  2       
debouncer/debounce_counter/un1_count_1_cry_17_c_0.fa22_inst/CI1->debouncer/debounce_counter/un1_count_1_cry_17_c_0.fa22_inst/CO1
                                          SLICE_R17C11B      CIN1_TO_COUT1_DELAY     0.277                 26.094  2       
debouncer/debounce_counter/un1_count_1_cry_18
                                                             NET DELAY               0.000                 26.094  2       
debouncer/debounce_counter/un1_count_1_cry_19_c_0.fa22_inst/CI0->debouncer/debounce_counter/un1_count_1_cry_19_c_0.fa22_inst/CO0
                                          SLICE_R17C11C      CIN0_TO_COUT0_DELAY     0.277                 26.371  2       
debouncer/debounce_counter/un1_count_1_cry_19_c_0.CO0
                                                             NET DELAY               0.000                 26.371  2       
debouncer/debounce_counter/un1_count_1_cry_19_c_0.fa22_inst/CI1->debouncer/debounce_counter/un1_count_1_cry_19_c_0.fa22_inst/CO1
                                          SLICE_R17C11C      CIN1_TO_COUT1_DELAY     0.277                 26.648  2       
debouncer/debounce_counter/un1_count_1_cry_20
                                                             NET DELAY               0.000                 26.648  2       
debouncer/debounce_counter/un1_count_1_cry_21_c_0.fa22_inst/CI0->debouncer/debounce_counter/un1_count_1_cry_21_c_0.fa22_inst/CO0
                                          SLICE_R17C11D      CIN0_TO_COUT0_DELAY     0.277                 26.925  2       
debouncer/debounce_counter/un1_count_1_cry_21_c_0.CO0
                                                             NET DELAY               0.000                 26.925  2       
debouncer/debounce_counter/un1_count_1_cry_21_c_0.fa22_inst/CI1->debouncer/debounce_counter/un1_count_1_cry_21_c_0.fa22_inst/CO1
                                          SLICE_R17C11D      CIN1_TO_COUT1_DELAY     0.277                 27.202  2       
debouncer/debounce_counter/un1_count_1_cry_22
                                                             NET DELAY               1.216                 28.418  2       
debouncer/debounce_counter/count_RNO[23].fa22_inst/D0->debouncer/debounce_counter/count_RNO[23].fa22_inst/S0
                                          SLICE_R17C12A      D0_TO_F0_DELAY          0.476                 28.894  1       
debouncer/debounce_counter/count_RNO_S0_1[23]
                                                             NET DELAY               0.000                 28.894  1       
debouncer/debounce_counter/count[23].ff_inst/D
                                                             ENDPOINT                0.000                 28.894  1       


Destination Clock Path
Name                                      Cell/Site Name     Delay Name           Incr      Arrival/Required Time  Fanout  
----------------------------------------  -----------------  -------------------  --------  ---------------------  ------  
                                                             CONSTRAINT              0.000                 41.666  1       
hf_osc.osc_inst/CLKHF                     HFOSC_HFOSC_R1C32  CLOCK LATENCY           0.000                 41.666  77      
scan/count/int_osc                                           NET DELAY               5.499                 47.165  77      
debouncer/debounce_counter/count[23].ff_inst/CK
                                                             CLOCK PIN               0.000                 47.165  1       
                                                             Uncertainty          -(0.000)                 47.165  
                                                             Setup time           -(0.198)                 46.967  
----------------------------------------  -----------------  -------------------  --------  ---------------------  ------  
Required Time                                                                                              46.967  
Arrival Time                                                                                            -(28.893)  
----------------------------------------  -----------------  -------------------  --------  ---------------------  ------  
Path Slack  (Passed)                                                                                       18.073  




++++ Path 9 ++++++++++++++++++++++++++++++++++++++++++++++++++++++++++ 

Path Begin       : scan/count/count[16].ff_inst/Q  (SLICE_R14C19A)
Path End         : scan/count/count[11].ff_inst/D  (SLICE_R16C18A)
Source Clock     : int_osc (R)
Destination Clock: int_osc (R)
Logic Level      : 18
Delay Ratio      : 69.8% (route), 30.2% (logic)
Clock Skew       : 0.000 ns 
Setup Constraint : 41.666 ns 
Path Slack       : 18.105 ns  (Passed)


Source Clock Path
Name                                      Cell/Site Name     Delay Name           Incr      Arrival/Required Time  Fanout  
----------------------------------------  -----------------  -------------------  --------  ---------------------  ------  
hf_osc.osc_inst/CLKHF                     HFOSC_HFOSC_R1C32  CLOCK LATENCY           0.000                  0.000  77      
scan/count/int_osc                                           NET DELAY               5.499                  5.499  77      
{scan/count/count[15].ff_inst/CK   scan/count/count[16].ff_inst/CK}
                                                             CLOCK PIN               0.000                  5.499  1       


Data Path
Name                                      Cell/Site Name     Delay Name           Incr      Arrival/Required Time  Fanout  
----------------------------------------  -----------------  -------------------  --------  ---------------------  ------  
scan/count/count[16].ff_inst/CK->scan/count/count[16].ff_inst/Q
                                          SLICE_R14C19A      CLK_TO_Q1_DELAY         1.388                  6.887  7       
scan/count/count2[16]                                        NET DELAY               3.331                 10.218  7       
scan/count/count_RNIEO8J1[16]/A->scan/count/count_RNIEO8J1[16]/Z
                                          SLICE_R14C15A      A0_TO_F0_DELAY          0.449                 10.667  2       
scan/count/state6_8                                          NET DELAY               3.741                 14.408  2       
scan/count/count_RNIP1QS9[20]/B->scan/count/count_RNIP1QS9[20]/Z
                                          SLICE_R16C17A      A1_TO_F1_DELAY          0.449                 14.857  14      
scan/count/count14_10                                        NET DELAY               2.168                 17.025  14      
scan/count/count_RNIQKODF[10]/C->scan/count/count_RNIQKODF[10]/Z
                                          SLICE_R16C17B      D1_TO_F1_DELAY          0.449                 17.474  2       
scan/count/N_106                                             NET DELAY               3.080                 20.554  2       
scan/count/un1_count_1_cry_0_c_0.fa22_inst/B0->scan/count/un1_count_1_cry_0_c_0.fa22_inst/CO0
                                          SLICE_R14C17A      B0_TO_COUT0_DELAY       0.357                 20.911  2       
scan/count/un1_count_1_cry_0_c_0.CO0                         NET DELAY               0.000                 20.911  2       
scan/count/un1_count_1_cry_0_c_0.fa22_inst/CI1->scan/count/un1_count_1_cry_0_c_0.fa22_inst/CO1
                                          SLICE_R14C17A      CIN1_TO_COUT1_DELAY     0.277                 21.188  2       
scan/count/un1_count_1_cry_0                                 NET DELAY               0.000                 21.188  2       
scan/count/un1_count_1_cry_1_c_0.fa22_inst/CI0->scan/count/un1_count_1_cry_1_c_0.fa22_inst/CO0
                                          SLICE_R14C17B      CIN0_TO_COUT0_DELAY     0.277                 21.465  2       
scan/count/un1_count_1_cry_1_c_0.CO0                         NET DELAY               0.000                 21.465  2       
scan/count/un1_count_1_cry_1_c_0.fa22_inst/CI1->scan/count/un1_count_1_cry_1_c_0.fa22_inst/CO1
                                          SLICE_R14C17B      CIN1_TO_COUT1_DELAY     0.277                 21.742  2       
scan/count/un1_count_1_cry_2                                 NET DELAY               0.000                 21.742  2       
scan/count/un1_count_1_cry_3_c_0.fa22_inst/CI0->scan/count/un1_count_1_cry_3_c_0.fa22_inst/CO0
                                          SLICE_R14C17C      CIN0_TO_COUT0_DELAY     0.277                 22.019  2       
scan/count/un1_count_1_cry_3_c_0.CO0                         NET DELAY               0.000                 22.019  2       
scan/count/un1_count_1_cry_3_c_0.fa22_inst/CI1->scan/count/un1_count_1_cry_3_c_0.fa22_inst/CO1
                                          SLICE_R14C17C      CIN1_TO_COUT1_DELAY     0.277                 22.296  2       
scan/count/un1_count_1_cry_4                                 NET DELAY               0.000                 22.296  2       
scan/count/un1_count_1_cry_5_c_0.fa22_inst/CI0->scan/count/un1_count_1_cry_5_c_0.fa22_inst/CO0
                                          SLICE_R14C17D      CIN0_TO_COUT0_DELAY     0.277                 22.573  2       
scan/count/un1_count_1_cry_5_c_0.CO0                         NET DELAY               0.000                 22.573  2       
scan/count/un1_count_1_cry_5_c_0.fa22_inst/CI1->scan/count/un1_count_1_cry_5_c_0.fa22_inst/CO1
                                          SLICE_R14C17D      CIN1_TO_COUT1_DELAY     0.277                 22.850  2       
scan/count/un1_count_1_cry_6                                 NET DELAY               0.555                 23.405  2       
scan/count/un1_count_1_cry_7_c_0.fa22_inst/CI0->scan/count/un1_count_1_cry_7_c_0.fa22_inst/CO0
                                          SLICE_R14C18A      CIN0_TO_COUT0_DELAY     0.277                 23.682  2       
scan/count/un1_count_1_cry_7_c_0.CO0                         NET DELAY               0.000                 23.682  2       
scan/count/un1_count_1_cry_7_c_0.fa22_inst/CI1->scan/count/un1_count_1_cry_7_c_0.fa22_inst/CO1
                                          SLICE_R14C18A      CIN1_TO_COUT1_DELAY     0.277                 23.959  2       
scan/count/un1_count_1_cry_8                                 NET DELAY               0.000                 23.959  2       
scan/count/un1_count_1_cry_9_c_0.fa22_inst/CI0->scan/count/un1_count_1_cry_9_c_0.fa22_inst/CO0
                                          SLICE_R14C18B      CIN0_TO_COUT0_DELAY     0.277                 24.236  2       
scan/count/un1_count_1_cry_9_c_0.CO0                         NET DELAY               0.000                 24.236  2       
scan/count/un1_count_1_cry_9_c_0.fa22_inst/CI1->scan/count/un1_count_1_cry_9_c_0.fa22_inst/CO1
                                          SLICE_R14C18B      CIN1_TO_COUT1_DELAY     0.277                 24.513  2       
scan/count/un1_count_1_cry_10                                NET DELAY               0.661                 25.174  2       
scan/count/un1_count_1_cry_11_c_0.fa22_inst/D0->scan/count/un1_count_1_cry_11_c_0.fa22_inst/S0
                                          SLICE_R14C18C      D0_TO_F0_DELAY          0.449                 25.623  1       
scan/count/N_93                                              NET DELAY               2.763                 28.386  1       
scan/count/count_RNO[11]/A->scan/count/count_RNO[11]/Z
                                          SLICE_R16C18A      D0_TO_F0_DELAY          0.476                 28.862  1       
scan/count/count_4[11]                                       NET DELAY               0.000                 28.862  1       
scan/count/count[11].ff_inst/D                               ENDPOINT                0.000                 28.862  1       


Destination Clock Path
Name                                      Cell/Site Name     Delay Name           Incr      Arrival/Required Time  Fanout  
----------------------------------------  -----------------  -------------------  --------  ---------------------  ------  
                                                             CONSTRAINT              0.000                 41.666  1       
hf_osc.osc_inst/CLKHF                     HFOSC_HFOSC_R1C32  CLOCK LATENCY           0.000                 41.666  77      
scan/count/int_osc                                           NET DELAY               5.499                 47.165  77      
{scan/count/count[11].ff_inst/CK   scan/count/count[10].ff_inst/CK}
                                                             CLOCK PIN               0.000                 47.165  1       
                                                             Uncertainty          -(0.000)                 47.165  
                                                             Setup time           -(0.198)                 46.967  
----------------------------------------  -----------------  -------------------  --------  ---------------------  ------  
Required Time                                                                                              46.967  
Arrival Time                                                                                            -(28.861)  
----------------------------------------  -----------------  -------------------  --------  ---------------------  ------  
Path Slack  (Passed)                                                                                       18.105  




++++ Path 10 ++++++++++++++++++++++++++++++++++++++++++++++++++++++++++ 

Path Begin       : count/count[9].ff_inst/Q  (SLICE_R11C4B)
Path End         : count/count[16].ff_inst/D  (SLICE_R12C4C)
Source Clock     : int_osc (R)
Destination Clock: int_osc (R)
Logic Level      : 23
Delay Ratio      : 63.7% (route), 36.3% (logic)
Clock Skew       : 0.000 ns 
Setup Constraint : 41.666 ns 
Path Slack       : 18.161 ns  (Passed)


Source Clock Path
Name                                      Cell/Site Name     Delay Name           Incr      Arrival/Required Time  Fanout  
----------------------------------------  -----------------  -------------------  --------  ---------------------  ------  
hf_osc.osc_inst/CLKHF                     HFOSC_HFOSC_R1C32  CLOCK LATENCY           0.000                  0.000  77      
scan/count/int_osc                                           NET DELAY               5.499                  5.499  77      
count/count[9].ff_inst/CK                                    CLOCK PIN               0.000                  5.499  1       


Data Path
Name                                      Cell/Site Name     Delay Name           Incr      Arrival/Required Time  Fanout  
----------------------------------------  -----------------  -------------------  --------  ---------------------  ------  
count/count[9].ff_inst/CK->count/count[9].ff_inst/Q
                                          SLICE_R11C4B       CLK_TO_Q0_DELAY         1.388                  6.887  3       
led/right/counter[9]                                         NET DELAY               3.186                 10.073  3       
count/count_RNIMJIFA[0]/C->count/count_RNIMJIFA[0]/Z
                                          SLICE_R13C3B       B0_TO_F0_DELAY          0.449                 10.522  1       
count/count56_9                                              NET DELAY               2.485                 13.007  1       
count/count_RNIAH3912[0]/B->count/count_RNIAH3912[0]/Z
                                          SLICE_R12C4A       B1_TO_F1_DELAY          0.449                 13.456  12      
count/count56_16                                             NET DELAY               2.168                 15.624  12      
count/count_RNII44CL3[12]/C->count/count_RNII44CL3[12]/Z
                                          SLICE_R12C4B       D1_TO_F1_DELAY          0.449                 16.073  2       
count/N_56                                                   NET DELAY               3.080                 19.153  2       
count/un1_count_1_cry_0_c_0.fa22_inst/B0->count/un1_count_1_cry_0_c_0.fa22_inst/CO0
                                          SLICE_R11C3A       B0_TO_COUT0_DELAY       0.357                 19.510  2       
count/un1_count_1_cry_0_c_0.CO0                              NET DELAY               0.000                 19.510  2       
count/un1_count_1_cry_0_c_0.fa22_inst/CI1->count/un1_count_1_cry_0_c_0.fa22_inst/CO1
                                          SLICE_R11C3A       CIN1_TO_COUT1_DELAY     0.277                 19.787  2       
count/un1_count_1_cry_0                                      NET DELAY               0.000                 19.787  2       
count/un1_count_1_cry_1_c_0.fa22_inst/CI0->count/un1_count_1_cry_1_c_0.fa22_inst/CO0
                                          SLICE_R11C3B       CIN0_TO_COUT0_DELAY     0.277                 20.064  2       
count/un1_count_1_cry_1_c_0.CO0                              NET DELAY               0.000                 20.064  2       
count/un1_count_1_cry_1_c_0.fa22_inst/CI1->count/un1_count_1_cry_1_c_0.fa22_inst/CO1
                                          SLICE_R11C3B       CIN1_TO_COUT1_DELAY     0.277                 20.341  2       
count/un1_count_1_cry_2                                      NET DELAY               0.000                 20.341  2       
count/un1_count_1_cry_3_c_0.fa22_inst/CI0->count/un1_count_1_cry_3_c_0.fa22_inst/CO0
                                          SLICE_R11C3C       CIN0_TO_COUT0_DELAY     0.277                 20.618  2       
count/un1_count_1_cry_3_c_0.CO0                              NET DELAY               0.000                 20.618  2       
count/un1_count_1_cry_3_c_0.fa22_inst/CI1->count/un1_count_1_cry_3_c_0.fa22_inst/CO1
                                          SLICE_R11C3C       CIN1_TO_COUT1_DELAY     0.277                 20.895  2       
count/un1_count_1_cry_4                                      NET DELAY               0.000                 20.895  2       
count/un1_count_1_cry_5_c_0.fa22_inst/CI0->count/un1_count_1_cry_5_c_0.fa22_inst/CO0
                                          SLICE_R11C3D       CIN0_TO_COUT0_DELAY     0.277                 21.172  2       
count/un1_count_1_cry_5_c_0.CO0                              NET DELAY               0.000                 21.172  2       
count/un1_count_1_cry_5_c_0.fa22_inst/CI1->count/un1_count_1_cry_5_c_0.fa22_inst/CO1
                                          SLICE_R11C3D       CIN1_TO_COUT1_DELAY     0.277                 21.449  2       
count/un1_count_1_cry_6                                      NET DELAY               0.555                 22.004  2       
count/un1_count_1_cry_7_c_0.fa22_inst/CI0->count/un1_count_1_cry_7_c_0.fa22_inst/CO0
                                          SLICE_R11C4A       CIN0_TO_COUT0_DELAY     0.277                 22.281  2       
count/un1_count_1_cry_7_c_0.CO0                              NET DELAY               0.000                 22.281  2       
count/un1_count_1_cry_7_c_0.fa22_inst/CI1->count/un1_count_1_cry_7_c_0.fa22_inst/CO1
                                          SLICE_R11C4A       CIN1_TO_COUT1_DELAY     0.277                 22.558  2       
count/un1_count_1_cry_8                                      NET DELAY               0.000                 22.558  2       
count/un1_count_1_cry_9_c_0.fa22_inst/CI0->count/un1_count_1_cry_9_c_0.fa22_inst/CO0
                                          SLICE_R11C4B       CIN0_TO_COUT0_DELAY     0.277                 22.835  2       
count/un1_count_1_cry_9_c_0.CO0                              NET DELAY               0.000                 22.835  2       
count/un1_count_1_cry_9_c_0.fa22_inst/CI1->count/un1_count_1_cry_9_c_0.fa22_inst/CO1
                                          SLICE_R11C4B       CIN1_TO_COUT1_DELAY     0.277                 23.112  2       
count/un1_count_1_cry_10                                     NET DELAY               0.000                 23.112  2       
count/un1_count_1_cry_11_c_0.fa22_inst/CI0->count/un1_count_1_cry_11_c_0.fa22_inst/CO0
                                          SLICE_R11C4C       CIN0_TO_COUT0_DELAY     0.277                 23.389  2       
count/un1_count_1_cry_11_c_0.CO0                             NET DELAY               0.000                 23.389  2       
count/un1_count_1_cry_11_c_0.fa22_inst/CI1->count/un1_count_1_cry_11_c_0.fa22_inst/CO1
                                          SLICE_R11C4C       CIN1_TO_COUT1_DELAY     0.277                 23.666  2       
count/un1_count_1_cry_12                                     NET DELAY               0.000                 23.666  2       
count/un1_count_1_cry_13_c_0.fa22_inst/CI0->count/un1_count_1_cry_13_c_0.fa22_inst/CO0
                                          SLICE_R11C4D       CIN0_TO_COUT0_DELAY     0.277                 23.943  2       
count/un1_count_1_cry_13_c_0.CO0                             NET DELAY               0.000                 23.943  2       
count/un1_count_1_cry_13_c_0.fa22_inst/CI1->count/un1_count_1_cry_13_c_0.fa22_inst/CO1
                                          SLICE_R11C4D       CIN1_TO_COUT1_DELAY     0.277                 24.220  2       
count/un1_count_1_cry_14                                     NET DELAY               0.555                 24.775  2       
count/un1_count_1_cry_15_c_0.fa22_inst/CI0->count/un1_count_1_cry_15_c_0.fa22_inst/CO0
                                          SLICE_R11C5A       CIN0_TO_COUT0_DELAY     0.277                 25.052  2       
count/un1_count_1_cry_15_c_0.CO0                             NET DELAY               0.661                 25.713  2       
count/un1_count_1_cry_15_c_0.fa22_inst/D1->count/un1_count_1_cry_15_c_0.fa22_inst/S1
                                          SLICE_R11C5A       D1_TO_F1_DELAY          0.449                 26.162  1       
count/N_48                                                   NET DELAY               2.168                 28.330  1       
count/count_RNO[16]/A->count/count_RNO[16]/Z
                                          SLICE_R12C4C       D0_TO_F0_DELAY          0.476                 28.806  1       
count/count_12[16]                                           NET DELAY               0.000                 28.806  1       
count/count[16].ff_inst/D                                    ENDPOINT                0.000                 28.806  1       


Destination Clock Path
Name                                      Cell/Site Name     Delay Name           Incr      Arrival/Required Time  Fanout  
----------------------------------------  -----------------  -------------------  --------  ---------------------  ------  
                                                             CONSTRAINT              0.000                 41.666  1       
hf_osc.osc_inst/CLKHF                     HFOSC_HFOSC_R1C32  CLOCK LATENCY           0.000                 41.666  77      
scan/count/int_osc                                           NET DELAY               5.499                 47.165  77      
{count/count[16].ff_inst/CK   count/count[11].ff_inst/CK}
                                                             CLOCK PIN               0.000                 47.165  1       
                                                             Uncertainty          -(0.000)                 47.165  
                                                             Setup time           -(0.198)                 46.967  
----------------------------------------  -----------------  -------------------  --------  ---------------------  ------  
Required Time                                                                                              46.967  
Arrival Time                                                                                            -(28.805)  
----------------------------------------  -----------------  -------------------  --------  ---------------------  ------  
Path Slack  (Passed)                                                                                       18.161  



+++++++++++++++++++++++++++++++++++++++++++++++++++++++++++++++++++++ 
                    End of Detailed Report for timing paths 
+++++++++++++++++++++++++++++++++++++++++++++++++++++++++++++++++++++ 


##########################################################



===============================================================
3  Hold at Speed Grade m Corner at -40 Degrees
===============================================================

3.1  Endpoint slacks
=======================
-------------------------------------------------------
          Listing 10 End Points          |    Slack    
-------------------------------------------------------
debouncer/seg_1_Z[2].ff_inst/D           |    1.743 ns 
debouncer/seg_0_Z[1].ff_inst/D           |    1.743 ns 
debouncer/seg_0_Z[0].ff_inst/D           |    1.743 ns 
debouncer/seg_out[1].ff_inst/D           |    1.743 ns 
debouncer/seg_out[3].ff_inst/D           |    1.743 ns 
debouncer/seg_out[2].ff_inst/D           |    1.743 ns 
debouncer/candidate_Z[1].ff_inst/D       |    1.743 ns 
debouncer/seg_0_Z[4].ff_inst/D           |    1.743 ns 
decoder/coldummy_Z[0].ff_inst/D          |    1.743 ns 
decoder/coldummy_Z[1].ff_inst/D          |    1.743 ns 
-------------------------------------------------------
                                         |             
Hold # of endpoints with negative slack: |           0 
                                         |             
-------------------------------------------------------

3.2  Detailed Report
=======================


XXXXXXXXXXXXXXXXXXXXXXXXXXXXXXXXXXXXXXXXXXXXXXXXXXXXXXXXXX

Detail report of critical paths

XXXXXXXXXXXXXXXXXXXXXXXXXXXXXXXXXXXXXXXXXXXXXXXXXXXXXXXXXX

+++++++++++++++++++++++++++++++++++++++++++++++++++++++++++++++++++++ 
                    Detailed Report for timing paths 
+++++++++++++++++++++++++++++++++++++++++++++++++++++++++++++++++++++ 

++++ Path 1 ++++++++++++++++++++++++++++++++++++++++++++++++++++++++++ 

Path Begin       : debouncer/seg_0_Z[2].ff_inst/Q  (SLICE_R14C7A)
Path End         : debouncer/seg_1_Z[2].ff_inst/D  (SLICE_R15C7B)
Source Clock     : int_osc (R)
Destination Clock: int_osc (R)
Logic Level      : 2
Delay Ratio      : 40.8% (route), 59.2% (logic)
Clock Skew       : 0.000 ns 
Hold Constraint  : 0.000 ns 
Path Slack       : 1.743 ns  (Passed)


Source Clock Path
Name                                      Cell/Site Name     Delay Name       Incr   Arrival/Required Time  Fanout  
----------------------------------------  -----------------  ---------------  -----  ---------------------  ------  
hf_osc.osc_inst/CLKHF                     HFOSC_HFOSC_R1C32  CLOCK LATENCY    0.000                  0.000  78      
scan/count/int_osc                                           NET DELAY        3.084                  3.084  78      
{debouncer/seg_0_Z[3].ff_inst/CK   debouncer/seg_0_Z[2].ff_inst/CK}
                                                             CLOCK PIN        0.000                  3.084  1       


Data Path
Name                                      Cell/Site Name     Delay Name       Incr   Arrival/Required Time  Fanout  
----------------------------------------  -----------------  ---------------  -----  ---------------------  ------  
debouncer/seg_0_Z[2].ff_inst/CK->debouncer/seg_0_Z[2].ff_inst/Q
                                          SLICE_R14C7A       CLK_TO_Q1_DELAY  0.779                  3.863  1       
debouncer/seg_0[2]                                           NET DELAY        0.712                  4.575  1       
debouncer.SLICE_107/D1->debouncer.SLICE_107/F1
                                          SLICE_R15C7B       D1_TO_F1_DELAY   0.252                  4.827  1       
debouncer.seg_0[2].sig_015.FeedThruLUT                       NET DELAY        0.000                  4.827  1       
debouncer/seg_1_Z[2].ff_inst/D                               ENDPOINT         0.000                  4.827  1       


Destination Clock Path
Name                                      Cell/Site Name     Delay Name       Incr   Arrival/Required Time  Fanout  
----------------------------------------  -----------------  ---------------  -----  ---------------------  ------  
                                                             CONSTRAINT       0.000                  0.000  1       
hf_osc.osc_inst/CLKHF                     HFOSC_HFOSC_R1C32  CLOCK LATENCY    0.000                  0.000  78      
scan/count/int_osc                                           NET DELAY        3.084                  3.084  78      
{debouncer/seg_1_Z[3].ff_inst/CK   debouncer/seg_1_Z[2].ff_inst/CK}
                                                             CLOCK PIN        0.000                  3.084  1       
                                                             Uncertainty      0.000                  3.084  
                                                             Hold time        0.000                  3.084  
----------------------------------------  -----------------  ---------------  -----  ---------------------  ------  
Required Time                                                                                       -3.084  
Arrival Time                                                                                         4.827  
----------------------------------------  -----------------  ---------------  -----  ---------------------  ------  
Path Slack  (Passed)                                                                                 1.743  




++++ Path 2 ++++++++++++++++++++++++++++++++++++++++++++++++++++++++++ 

Path Begin       : decoder/num_Z[1].ff_inst/Q  (SLICE_R14C9D)
Path End         : debouncer/seg_0_Z[1].ff_inst/D  (SLICE_R15C9B)
Source Clock     : int_osc (R)
Destination Clock: int_osc (R)
Logic Level      : 2
Delay Ratio      : 40.8% (route), 59.2% (logic)
Clock Skew       : 0.000 ns 
Hold Constraint  : 0.000 ns 
Path Slack       : 1.743 ns  (Passed)


Source Clock Path
Name                                      Cell/Site Name     Delay Name       Incr   Arrival/Required Time  Fanout  
----------------------------------------  -----------------  ---------------  -----  ---------------------  ------  
hf_osc.osc_inst/CLKHF                     HFOSC_HFOSC_R1C32  CLOCK LATENCY    0.000                  0.000  78      
scan/count/int_osc                                           NET DELAY        3.084                  3.084  78      
{decoder/num_Z[0].ff_inst/CK   decoder/num_Z[1].ff_inst/CK}
                                                             CLOCK PIN        0.000                  3.084  1       


Data Path
Name                                      Cell/Site Name     Delay Name       Incr   Arrival/Required Time  Fanout  
----------------------------------------  -----------------  ---------------  -----  ---------------------  ------  
decoder/num_Z[1].ff_inst/CK->decoder/num_Z[1].ff_inst/Q
                                          SLICE_R14C9D       CLK_TO_Q1_DELAY  0.779                  3.863  1       
decoder/num[1]                                               NET DELAY        0.712                  4.575  1       
decoder/num_RNI2VGCC[1]/A->decoder/num_RNI2VGCC[1]/Z
                                          SLICE_R15C9B       D0_TO_F0_DELAY   0.252                  4.827  1       
decoder/segout_0_i[1]                                        NET DELAY        0.000                  4.827  1       
debouncer/seg_0_Z[1].ff_inst/D                               ENDPOINT         0.000                  4.827  1       


Destination Clock Path
Name                                      Cell/Site Name     Delay Name       Incr   Arrival/Required Time  Fanout  
----------------------------------------  -----------------  ---------------  -----  ---------------------  ------  
                                                             CONSTRAINT       0.000                  0.000  1       
hf_osc.osc_inst/CLKHF                     HFOSC_HFOSC_R1C32  CLOCK LATENCY    0.000                  0.000  78      
scan/count/int_osc                                           NET DELAY        3.084                  3.084  78      
{debouncer/seg_0_Z[1].ff_inst/CK   debouncer/seg_0_Z[0].ff_inst/CK}
                                                             CLOCK PIN        0.000                  3.084  1       
                                                             Uncertainty      0.000                  3.084  
                                                             Hold time        0.000                  3.084  
----------------------------------------  -----------------  ---------------  -----  ---------------------  ------  
Required Time                                                                                       -3.084  
Arrival Time                                                                                         4.827  
----------------------------------------  -----------------  ---------------  -----  ---------------------  ------  
Path Slack  (Passed)                                                                                 1.743  




++++ Path 3 ++++++++++++++++++++++++++++++++++++++++++++++++++++++++++ 

Path Begin       : decoder/num_Z[0].ff_inst/Q  (SLICE_R14C9D)
Path End         : debouncer/seg_0_Z[0].ff_inst/D  (SLICE_R15C9B)
Source Clock     : int_osc (R)
Destination Clock: int_osc (R)
Logic Level      : 2
Delay Ratio      : 40.8% (route), 59.2% (logic)
Clock Skew       : 0.000 ns 
Hold Constraint  : 0.000 ns 
Path Slack       : 1.743 ns  (Passed)


Source Clock Path
Name                                      Cell/Site Name     Delay Name       Incr   Arrival/Required Time  Fanout  
----------------------------------------  -----------------  ---------------  -----  ---------------------  ------  
hf_osc.osc_inst/CLKHF                     HFOSC_HFOSC_R1C32  CLOCK LATENCY    0.000                  0.000  78      
scan/count/int_osc                                           NET DELAY        3.084                  3.084  78      
{decoder/num_Z[0].ff_inst/CK   decoder/num_Z[1].ff_inst/CK}
                                                             CLOCK PIN        0.000                  3.084  1       


Data Path
Name                                      Cell/Site Name     Delay Name       Incr   Arrival/Required Time  Fanout  
----------------------------------------  -----------------  ---------------  -----  ---------------------  ------  
decoder/num_Z[0].ff_inst/CK->decoder/num_Z[0].ff_inst/Q
                                          SLICE_R14C9D       CLK_TO_Q0_DELAY  0.779                  3.863  1       
decoder/num[0]                                               NET DELAY        0.712                  4.575  1       
decoder/num_RNI1UGCC[0]/A->decoder/num_RNI1UGCC[0]/Z
                                          SLICE_R15C9B       D1_TO_F1_DELAY   0.252                  4.827  1       
decoder/segout_0_i[0]                                        NET DELAY        0.000                  4.827  1       
debouncer/seg_0_Z[0].ff_inst/D                               ENDPOINT         0.000                  4.827  1       


Destination Clock Path
Name                                      Cell/Site Name     Delay Name       Incr   Arrival/Required Time  Fanout  
----------------------------------------  -----------------  ---------------  -----  ---------------------  ------  
                                                             CONSTRAINT       0.000                  0.000  1       
hf_osc.osc_inst/CLKHF                     HFOSC_HFOSC_R1C32  CLOCK LATENCY    0.000                  0.000  78      
scan/count/int_osc                                           NET DELAY        3.084                  3.084  78      
{debouncer/seg_0_Z[1].ff_inst/CK   debouncer/seg_0_Z[0].ff_inst/CK}
                                                             CLOCK PIN        0.000                  3.084  1       
                                                             Uncertainty      0.000                  3.084  
                                                             Hold time        0.000                  3.084  
----------------------------------------  -----------------  ---------------  -----  ---------------------  ------  
Required Time                                                                                       -3.084  
Arrival Time                                                                                         4.827  
----------------------------------------  -----------------  ---------------  -----  ---------------------  ------  
Path Slack  (Passed)                                                                                 1.743  




++++ Path 4 ++++++++++++++++++++++++++++++++++++++++++++++++++++++++++ 

Path Begin       : debouncer/seg_out[1].ff_inst/Q  (SLICE_R16C8A)
Path End         : debouncer/seg_out[1].ff_inst/D  (SLICE_R16C8A)
Source Clock     : int_osc (R)
Destination Clock: int_osc (R)
Logic Level      : 2
Delay Ratio      : 40.8% (route), 59.2% (logic)
Clock Skew       : 0.000 ns 
Hold Constraint  : 0.000 ns 
Path Slack       : 1.743 ns  (Passed)


Source Clock Path
Name                                      Cell/Site Name     Delay Name       Incr   Arrival/Required Time  Fanout  
----------------------------------------  -----------------  ---------------  -----  ---------------------  ------  
hf_osc.osc_inst/CLKHF                     HFOSC_HFOSC_R1C32  CLOCK LATENCY    0.000                  0.000  78      
scan/count/int_osc                                           NET DELAY        3.084                  3.084  78      
{debouncer/seg_out[1].ff_inst/CK   debouncer/seg_out[0].ff_inst/CK}
                                                             CLOCK PIN        0.000                  3.084  1       


Data Path
Name                                      Cell/Site Name     Delay Name       Incr   Arrival/Required Time  Fanout  
----------------------------------------  -----------------  ---------------  -----  ---------------------  ------  
debouncer/seg_out[1].ff_inst/CK->debouncer/seg_out[1].ff_inst/Q
                                          SLICE_R16C8A       CLK_TO_Q0_DELAY  0.779                  3.863  6       
debouncer/numdummy2[1]                                       NET DELAY        0.712                  4.575  6       
debouncer/seg_out_RNO[1]/D->debouncer/seg_out_RNO[1]/Z
                                          SLICE_R16C8A       D0_TO_F0_DELAY   0.252                  4.827  1       
debouncer/seg_out_0                                          NET DELAY        0.000                  4.827  1       
debouncer/seg_out[1].ff_inst/D                               ENDPOINT         0.000                  4.827  1       


Destination Clock Path
Name                                      Cell/Site Name     Delay Name       Incr   Arrival/Required Time  Fanout  
----------------------------------------  -----------------  ---------------  -----  ---------------------  ------  
                                                             CONSTRAINT       0.000                  0.000  1       
hf_osc.osc_inst/CLKHF                     HFOSC_HFOSC_R1C32  CLOCK LATENCY    0.000                  0.000  78      
scan/count/int_osc                                           NET DELAY        3.084                  3.084  78      
{debouncer/seg_out[1].ff_inst/CK   debouncer/seg_out[0].ff_inst/CK}
                                                             CLOCK PIN        0.000                  3.084  1       
                                                             Uncertainty      0.000                  3.084  
                                                             Hold time        0.000                  3.084  
----------------------------------------  -----------------  ---------------  -----  ---------------------  ------  
Required Time                                                                                       -3.084  
Arrival Time                                                                                         4.827  
----------------------------------------  -----------------  ---------------  -----  ---------------------  ------  
Path Slack  (Passed)                                                                                 1.743  




++++ Path 5 ++++++++++++++++++++++++++++++++++++++++++++++++++++++++++ 

Path Begin       : debouncer/candidate_Z[3].ff_inst/Q  (SLICE_R15C7A)
Path End         : debouncer/seg_out[3].ff_inst/D  (SLICE_R16C7A)
Source Clock     : int_osc (R)
Destination Clock: int_osc (R)
Logic Level      : 2
Delay Ratio      : 40.8% (route), 59.2% (logic)
Clock Skew       : 0.000 ns 
Hold Constraint  : 0.000 ns 
Path Slack       : 1.743 ns  (Passed)


Source Clock Path
Name                                      Cell/Site Name     Delay Name       Incr   Arrival/Required Time  Fanout  
----------------------------------------  -----------------  ---------------  -----  ---------------------  ------  
hf_osc.osc_inst/CLKHF                     HFOSC_HFOSC_R1C32  CLOCK LATENCY    0.000                  0.000  78      
scan/count/int_osc                                           NET DELAY        3.084                  3.084  78      
{debouncer/candidate_Z[3].ff_inst/CK   debouncer/candidate_Z[2].ff_inst/CK}
                                                             CLOCK PIN        0.000                  3.084  1       


Data Path
Name                                      Cell/Site Name     Delay Name       Incr   Arrival/Required Time  Fanout  
----------------------------------------  -----------------  ---------------  -----  ---------------------  ------  
debouncer/candidate_Z[3].ff_inst/CK->debouncer/candidate_Z[3].ff_inst/Q
                                          SLICE_R15C7A       CLK_TO_Q0_DELAY  0.779                  3.863  3       
debouncer/candidate[3]                                       NET DELAY        0.712                  4.575  3       
debouncer/seg_out_RNO[3]/C->debouncer/seg_out_RNO[3]/Z
                                          SLICE_R16C7A       D0_TO_F0_DELAY   0.252                  4.827  1       
debouncer/seg_out_2                                          NET DELAY        0.000                  4.827  1       
debouncer/seg_out[3].ff_inst/D                               ENDPOINT         0.000                  4.827  1       


Destination Clock Path
Name                                      Cell/Site Name     Delay Name       Incr   Arrival/Required Time  Fanout  
----------------------------------------  -----------------  ---------------  -----  ---------------------  ------  
                                                             CONSTRAINT       0.000                  0.000  1       
hf_osc.osc_inst/CLKHF                     HFOSC_HFOSC_R1C32  CLOCK LATENCY    0.000                  0.000  78      
scan/count/int_osc                                           NET DELAY        3.084                  3.084  78      
{debouncer/seg_out[3].ff_inst/CK   debouncer/seg_out[2].ff_inst/CK}
                                                             CLOCK PIN        0.000                  3.084  1       
                                                             Uncertainty      0.000                  3.084  
                                                             Hold time        0.000                  3.084  
----------------------------------------  -----------------  ---------------  -----  ---------------------  ------  
Required Time                                                                                       -3.084  
Arrival Time                                                                                         4.827  
----------------------------------------  -----------------  ---------------  -----  ---------------------  ------  
Path Slack  (Passed)                                                                                 1.743  




++++ Path 6 ++++++++++++++++++++++++++++++++++++++++++++++++++++++++++ 

Path Begin       : debouncer/candidate_Z[2].ff_inst/Q  (SLICE_R15C7A)
Path End         : debouncer/seg_out[2].ff_inst/D  (SLICE_R16C7A)
Source Clock     : int_osc (R)
Destination Clock: int_osc (R)
Logic Level      : 2
Delay Ratio      : 40.8% (route), 59.2% (logic)
Clock Skew       : 0.000 ns 
Hold Constraint  : 0.000 ns 
Path Slack       : 1.743 ns  (Passed)


Source Clock Path
Name                                      Cell/Site Name     Delay Name       Incr   Arrival/Required Time  Fanout  
----------------------------------------  -----------------  ---------------  -----  ---------------------  ------  
hf_osc.osc_inst/CLKHF                     HFOSC_HFOSC_R1C32  CLOCK LATENCY    0.000                  0.000  78      
scan/count/int_osc                                           NET DELAY        3.084                  3.084  78      
{debouncer/candidate_Z[3].ff_inst/CK   debouncer/candidate_Z[2].ff_inst/CK}
                                                             CLOCK PIN        0.000                  3.084  1       


Data Path
Name                                      Cell/Site Name     Delay Name       Incr   Arrival/Required Time  Fanout  
----------------------------------------  -----------------  ---------------  -----  ---------------------  ------  
debouncer/candidate_Z[2].ff_inst/CK->debouncer/candidate_Z[2].ff_inst/Q
                                          SLICE_R15C7A       CLK_TO_Q1_DELAY  0.779                  3.863  3       
debouncer/candidate[2]                                       NET DELAY        0.712                  4.575  3       
debouncer/seg_out_RNO[2]/C->debouncer/seg_out_RNO[2]/Z
                                          SLICE_R16C7A       D1_TO_F1_DELAY   0.252                  4.827  1       
debouncer/seg_out_1                                          NET DELAY        0.000                  4.827  1       
debouncer/seg_out[2].ff_inst/D                               ENDPOINT         0.000                  4.827  1       


Destination Clock Path
Name                                      Cell/Site Name     Delay Name       Incr   Arrival/Required Time  Fanout  
----------------------------------------  -----------------  ---------------  -----  ---------------------  ------  
                                                             CONSTRAINT       0.000                  0.000  1       
hf_osc.osc_inst/CLKHF                     HFOSC_HFOSC_R1C32  CLOCK LATENCY    0.000                  0.000  78      
scan/count/int_osc                                           NET DELAY        3.084                  3.084  78      
{debouncer/seg_out[3].ff_inst/CK   debouncer/seg_out[2].ff_inst/CK}
                                                             CLOCK PIN        0.000                  3.084  1       
                                                             Uncertainty      0.000                  3.084  
                                                             Hold time        0.000                  3.084  
----------------------------------------  -----------------  ---------------  -----  ---------------------  ------  
Required Time                                                                                       -3.084  
Arrival Time                                                                                         4.827  
----------------------------------------  -----------------  ---------------  -----  ---------------------  ------  
Path Slack  (Passed)                                                                                 1.743  




++++ Path 7 ++++++++++++++++++++++++++++++++++++++++++++++++++++++++++ 

Path Begin       : debouncer/seg_1_Z[1].ff_inst/Q  (SLICE_R15C9C)
Path End         : debouncer/candidate_Z[1].ff_inst/D  (SLICE_R15C8D)
Source Clock     : int_osc (R)
Destination Clock: int_osc (R)
Logic Level      : 2
Delay Ratio      : 40.8% (route), 59.2% (logic)
Clock Skew       : 0.000 ns 
Hold Constraint  : 0.000 ns 
Path Slack       : 1.743 ns  (Passed)


Source Clock Path
Name                                      Cell/Site Name     Delay Name       Incr   Arrival/Required Time  Fanout  
----------------------------------------  -----------------  ---------------  -----  ---------------------  ------  
hf_osc.osc_inst/CLKHF                     HFOSC_HFOSC_R1C32  CLOCK LATENCY    0.000                  0.000  78      
scan/count/int_osc                                           NET DELAY        3.084                  3.084  78      
{debouncer/seg_1_Z[1].ff_inst/CK   debouncer/seg_1_Z[0].ff_inst/CK}
                                                             CLOCK PIN        0.000                  3.084  1       


Data Path
Name                                      Cell/Site Name     Delay Name       Incr   Arrival/Required Time  Fanout  
----------------------------------------  -----------------  ---------------  -----  ---------------------  ------  
debouncer/seg_1_Z[1].ff_inst/CK->debouncer/seg_1_Z[1].ff_inst/Q
                                          SLICE_R15C9C       CLK_TO_Q0_DELAY  0.779                  3.863  2       
debouncer/seg_1[1]                                           NET DELAY        0.712                  4.575  2       
debouncer.SLICE_94/D0->debouncer.SLICE_94/F0
                                          SLICE_R15C8D       D0_TO_F0_DELAY   0.252                  4.827  1       
debouncer.seg_1[1].sig_011.FeedThruLUT                       NET DELAY        0.000                  4.827  1       
debouncer/candidate_Z[1].ff_inst/D                           ENDPOINT         0.000                  4.827  1       


Destination Clock Path
Name                                      Cell/Site Name     Delay Name       Incr   Arrival/Required Time  Fanout  
----------------------------------------  -----------------  ---------------  -----  ---------------------  ------  
                                                             CONSTRAINT       0.000                  0.000  1       
hf_osc.osc_inst/CLKHF                     HFOSC_HFOSC_R1C32  CLOCK LATENCY    0.000                  0.000  78      
scan/count/int_osc                                           NET DELAY        3.084                  3.084  78      
{debouncer/candidate_Z[1].ff_inst/CK   debouncer/candidate_Z[0].ff_inst/CK}
                                                             CLOCK PIN        0.000                  3.084  1       
                                                             Uncertainty      0.000                  3.084  
                                                             Hold time        0.000                  3.084  
----------------------------------------  -----------------  ---------------  -----  ---------------------  ------  
Required Time                                                                                       -3.084  
Arrival Time                                                                                         4.827  
----------------------------------------  -----------------  ---------------  -----  ---------------------  ------  
Path Slack  (Passed)                                                                                 1.743  




++++ Path 8 ++++++++++++++++++++++++++++++++++++++++++++++++++++++++++ 

Path Begin       : decoder/state_Z.ff_inst/Q  (SLICE_R13C9C)
Path End         : debouncer/seg_0_Z[4].ff_inst/D  (SLICE_R13C9C)
Source Clock     : int_osc (R)
Destination Clock: int_osc (R)
Logic Level      : 2
Delay Ratio      : 40.8% (route), 59.2% (logic)
Clock Skew       : 0.000 ns 
Hold Constraint  : 0.000 ns 
Path Slack       : 1.743 ns  (Passed)


Source Clock Path
Name                                      Cell/Site Name     Delay Name       Incr   Arrival/Required Time  Fanout  
----------------------------------------  -----------------  ---------------  -----  ---------------------  ------  
hf_osc.osc_inst/CLKHF                     HFOSC_HFOSC_R1C32  CLOCK LATENCY    0.000                  0.000  78      
scan/count/int_osc                                           NET DELAY        3.084                  3.084  78      
{decoder/state_Z.ff_inst/CK   debouncer/seg_0_Z[4].ff_inst/CK}
                                                             CLOCK PIN        0.000                  3.084  1       


Data Path
Name                                      Cell/Site Name     Delay Name       Incr   Arrival/Required Time  Fanout  
----------------------------------------  -----------------  ---------------  -----  ---------------------  ------  
decoder/state_Z.ff_inst/CK->decoder/state_Z.ff_inst/Q
                                          SLICE_R13C9C       CLK_TO_Q0_DELAY  0.779                  3.863  7       
decoder/state                                                NET DELAY        0.712                  4.575  7       
decoder/state_RNI58MC4/A->decoder/state_RNI58MC4/Z
                                          SLICE_R13C9C       D1_TO_F1_DELAY   0.252                  4.827  1       
decoder/state_i                                              NET DELAY        0.000                  4.827  1       
debouncer/seg_0_Z[4].ff_inst/D                               ENDPOINT         0.000                  4.827  1       


Destination Clock Path
Name                                      Cell/Site Name     Delay Name       Incr   Arrival/Required Time  Fanout  
----------------------------------------  -----------------  ---------------  -----  ---------------------  ------  
                                                             CONSTRAINT       0.000                  0.000  1       
hf_osc.osc_inst/CLKHF                     HFOSC_HFOSC_R1C32  CLOCK LATENCY    0.000                  0.000  78      
scan/count/int_osc                                           NET DELAY        3.084                  3.084  78      
{decoder/state_Z.ff_inst/CK   debouncer/seg_0_Z[4].ff_inst/CK}
                                                             CLOCK PIN        0.000                  3.084  1       
                                                             Uncertainty      0.000                  3.084  
                                                             Hold time        0.000                  3.084  
----------------------------------------  -----------------  ---------------  -----  ---------------------  ------  
Required Time                                                                                       -3.084  
Arrival Time                                                                                         4.827  
----------------------------------------  -----------------  ---------------  -----  ---------------------  ------  
Path Slack  (Passed)                                                                                 1.743  




++++ Path 9 ++++++++++++++++++++++++++++++++++++++++++++++++++++++++++ 

Path Begin       : sync/cols_sync[3].ff_inst/Q  (SLICE_R13C7A)
Path End         : decoder/coldummy_Z[0].ff_inst/D  (SLICE_R13C8A)
Source Clock     : int_osc (R)
Destination Clock: int_osc (R)
Logic Level      : 2
Delay Ratio      : 40.8% (route), 59.2% (logic)
Clock Skew       : 0.000 ns 
Hold Constraint  : 0.000 ns 
Path Slack       : 1.743 ns  (Passed)


Source Clock Path
Name                                      Cell/Site Name     Delay Name       Incr   Arrival/Required Time  Fanout  
----------------------------------------  -----------------  ---------------  -----  ---------------------  ------  
hf_osc.osc_inst/CLKHF                     HFOSC_HFOSC_R1C32  CLOCK LATENCY    0.000                  0.000  78      
scan/count/int_osc                                           NET DELAY        3.084                  3.084  78      
{sync/cols_sync[3].ff_inst/CK   sync/cols_sync[2].ff_inst/CK}
                                                             CLOCK PIN        0.000                  3.084  1       


Data Path
Name                                      Cell/Site Name     Delay Name       Incr   Arrival/Required Time  Fanout  
----------------------------------------  -----------------  ---------------  -----  ---------------------  ------  
sync/cols_sync[3].ff_inst/CK->sync/cols_sync[3].ff_inst/Q
                                          SLICE_R13C7A       CLK_TO_Q0_DELAY  0.779                  3.863  6       
sync/cols2[3]                                                NET DELAY        0.712                  4.575  6       
decoder/coldummy_RNO[0]/B->decoder/coldummy_RNO[0]/Z
                                          SLICE_R13C8A       D0_TO_F0_DELAY   0.252                  4.827  1       
decoder/N_42_i                                               NET DELAY        0.000                  4.827  1       
decoder/coldummy_Z[0].ff_inst/D                              ENDPOINT         0.000                  4.827  1       


Destination Clock Path
Name                                      Cell/Site Name     Delay Name       Incr   Arrival/Required Time  Fanout  
----------------------------------------  -----------------  ---------------  -----  ---------------------  ------  
                                                             CONSTRAINT       0.000                  0.000  1       
hf_osc.osc_inst/CLKHF                     HFOSC_HFOSC_R1C32  CLOCK LATENCY    0.000                  0.000  78      
scan/count/int_osc                                           NET DELAY        3.084                  3.084  78      
{decoder/coldummy_Z[0].ff_inst/CK   decoder/coldummy_Z[1].ff_inst/CK}
                                                             CLOCK PIN        0.000                  3.084  1       
                                                             Uncertainty      0.000                  3.084  
                                                             Hold time        0.000                  3.084  
----------------------------------------  -----------------  ---------------  -----  ---------------------  ------  
Required Time                                                                                       -3.084  
Arrival Time                                                                                         4.827  
----------------------------------------  -----------------  ---------------  -----  ---------------------  ------  
Path Slack  (Passed)                                                                                 1.743  




++++ Path 10 ++++++++++++++++++++++++++++++++++++++++++++++++++++++++++ 

Path Begin       : sync/cols_sync[2].ff_inst/Q  (SLICE_R13C7A)
Path End         : decoder/coldummy_Z[1].ff_inst/D  (SLICE_R13C8A)
Source Clock     : int_osc (R)
Destination Clock: int_osc (R)
Logic Level      : 2
Delay Ratio      : 40.8% (route), 59.2% (logic)
Clock Skew       : 0.000 ns 
Hold Constraint  : 0.000 ns 
Path Slack       : 1.743 ns  (Passed)


Source Clock Path
Name                                      Cell/Site Name     Delay Name       Incr   Arrival/Required Time  Fanout  
----------------------------------------  -----------------  ---------------  -----  ---------------------  ------  
hf_osc.osc_inst/CLKHF                     HFOSC_HFOSC_R1C32  CLOCK LATENCY    0.000                  0.000  78      
scan/count/int_osc                                           NET DELAY        3.084                  3.084  78      
{sync/cols_sync[3].ff_inst/CK   sync/cols_sync[2].ff_inst/CK}
                                                             CLOCK PIN        0.000                  3.084  1       


Data Path
Name                                      Cell/Site Name     Delay Name       Incr   Arrival/Required Time  Fanout  
----------------------------------------  -----------------  ---------------  -----  ---------------------  ------  
sync/cols_sync[2].ff_inst/CK->sync/cols_sync[2].ff_inst/Q
                                          SLICE_R13C7A       CLK_TO_Q1_DELAY  0.779                  3.863  8       
sync/cols2[2]                                                NET DELAY        0.712                  4.575  8       
decoder/coldummy_RNO[1]/A->decoder/coldummy_RNO[1]/Z
                                          SLICE_R13C8A       D1_TO_F1_DELAY   0.252                  4.827  1       
decoder/N_51_0_i                                             NET DELAY        0.000                  4.827  1       
decoder/coldummy_Z[1].ff_inst/D                              ENDPOINT         0.000                  4.827  1       


Destination Clock Path
Name                                      Cell/Site Name     Delay Name       Incr   Arrival/Required Time  Fanout  
----------------------------------------  -----------------  ---------------  -----  ---------------------  ------  
                                                             CONSTRAINT       0.000                  0.000  1       
hf_osc.osc_inst/CLKHF                     HFOSC_HFOSC_R1C32  CLOCK LATENCY    0.000                  0.000  78      
scan/count/int_osc                                           NET DELAY        3.084                  3.084  78      
{decoder/coldummy_Z[0].ff_inst/CK   decoder/coldummy_Z[1].ff_inst/CK}
                                                             CLOCK PIN        0.000                  3.084  1       
                                                             Uncertainty      0.000                  3.084  
                                                             Hold time        0.000                  3.084  
----------------------------------------  -----------------  ---------------  -----  ---------------------  ------  
Required Time                                                                                       -3.084  
Arrival Time                                                                                         4.827  
----------------------------------------  -----------------  ---------------  -----  ---------------------  ------  
Path Slack  (Passed)                                                                                 1.743  



+++++++++++++++++++++++++++++++++++++++++++++++++++++++++++++++++++++ 
                    End of Detailed Report for timing paths 
+++++++++++++++++++++++++++++++++++++++++++++++++++++++++++++++++++++ 


##########################################################



